id,mag,gap,dmin,net,place,horizontalError
hv71409457,1.94,95,0.0246,hv,"24km WNW of Volcano, Hawaii",0.4
pr2020062029,2.61,243,0.103,pr,"11km SE of Guanica, Puerto Rico",0.92
ci39088735,1.54,86,0.07032,ci,"2km SE of Jamul, CA",0.42
hv71409417,2.38,80,0.03117,hv,"23km WNW of Volcano, Hawaii",0.41
pr2020062028,2.57,236,0.0851,pr,"10km SE of Guanica, Puerto Rico",1.26
pr2020062027,2.45,235,0.0844,pr,"10km SE of Guanica, Puerto Rico",0.91
us600087yy,4.5,93,3.427,us,"283km ESE of Lambasa, Fiji",15
pr2020062026,2.79,238,0.0851,pr,"10km SE of Guanica, Puerto Rico",1.5
hv71409377,1.86,161,0.1067,hv,"9km E of Pahala, Hawaii",0.59
ak0202ut22py,1.7,,,ak,"33km SSE of Cohoe, Alaska",
pr2020062025,2.34,236,0.0826,pr,"9km SSE of Maria Antonia, Puerto Rico",0.91
hv71409362,1.86,135,0.04994,hv,"4km E of Pahala, Hawaii",0.53
nc73349020,1.59,112,0.05921,nc,"6km NE of Cloverdale, CA",0.5
hv71409352,1.92,153,0.03305,hv,"6km E of Pahala, Hawaii",0.63
nc73349015,1.02,63,0.01348,nc,"9km WNW of The Geysers, CA",0.25
nc73349010,2.24,112,0.05044,nc,"2km NE of Pinnacles, CA",0.28
hv71409327,2.12,139,0.02889,hv,"6km ENE of Pahala, Hawaii",0.56
nc73349005,3.05,72,,nc,"2km NE of Pinnacles, CA",0.25
pr2020062024,2.38,243,0.0989,pr,"11km SSE of Guanica, Puerto Rico",0.91
ak0202usioxq,1.5,,,ak,"14km N of Fishhook, Alaska",
pr2020062023,2.78,240,0.1513,pr,"8km SSW of Tallaboa, Puerto Rico",1.17
pr2020062022,2.43,236,0.0839,pr,"10km SE of Guanica, Puerto Rico",1.14
uu60361852,2.1,109,0.3049,uu,"14km NE of Junction, Utah",0.4
ci39088679,1.27,129,0.1156,ci,"11km NE of Ridgecrest, CA",0.37
ak0202usa561,1.6,,,ak,"51km SSE of Anchorage, Alaska",
us600087x2,4.2,155,0.444,us,"76km ESE of Iquique, Chile",7.9
ak0202us9r82,1.6,,,ak,"12km SSE of Cohoe, Alaska",
us600087wt,4.3,114,0.997,us,"21km SW of Doganyol, Turkey",4.1
nc73348995,1.46,111,0.1495,nc,"8km WSW of Calistoga, CA",0.41
ci39088655,0.99,47,0.05624,ci,"16km SE of Anza, CA",0.21
ok2020eiof,8.1,195,0.107078987,ok,"2km NNE of Quinton, Oklahoma",
ci39088647,1.25,137,0.1559,ci,"11km ENE of Ridgecrest, CA",0.71
nc73348980,2.31,143,0.2287,nc,"19km NNE of San Simeon, CA",1.13
hv71409217,1.81,145,0.09562,hv,"9km ENE of Pahala, Hawaii",0.58
hv71409212,2.31,87,0.03263,hv,"3km SSW of Pahala, Hawaii",0.51
ak0202urq9iv,3.4,,,ak,"133km ESE of McGrath, Alaska",
ak0202urpjcl,1.1,,,ak,"10km S of Ester, Alaska",
pr2020062021,2.63,263,0.149,pr,"16km SSE of Guanica, Puerto Rico",1.23
hv71409197,2.24,142,0.01163,hv,"8km ENE of Pahala, Hawaii",0.51
hv71409192,2.02,129,0.004978,hv,"3km SW of Volcano, Hawaii",0.59
pr2020062020,2.15,206,0.1241,pr,"1km S of Tallaboa, Puerto Rico",1.17
hv71409187,2.24,121,0.003965,hv,"2km W of Volcano, Hawaii",0.16
ci39088639,1.71,137,0.1642,ci,"16km SSW of Searles Valley, CA",0.42
ak0202urcpwz,1.8,,,ak,"123km WNW of Talkeetna, Alaska",
us600087vh,4.2,163,1.778,us,"183km W of Port Hardy, Canada",7.3
hv71409177,1.94,169,0.04552,hv,"6km E of Pahala, Hawaii",0.61
pr2020062019,2.47,241,0.0909,pr,"9km S of Guanica, Puerto Rico",0.68
ci39088631,1.56,71,0.01373,ci,"6km WSW of Holtville, CA",0.47
ci39088623,1.37,134,0.1472,ci,"11km ENE of Ridgecrest, CA",0.38
hv71409137,1.85,115,0.0361,hv,"2km SE of Pahala, Hawaii",0.62
nn00718129,3.4,87.52,0.355,nn,"18km SW of Carlin, Nevada",
ak0202uqrbbn,1.2,,,ak,"97km NNW of Larsen Bay, Alaska",
pr2020062018,1.89,253,0.1261,pr,"14km SSE of Guanica, Puerto Rico",1.16
hv71409107,2.41,154,0.04827,hv,"6km E of Pahala, Hawaii",0.48
ak0202uqoxjm,1.3,,,ak,"19km SW of North Nenana, Alaska",
us600087uk,2.9,50,0.301,us,"11km SSW of Pecos, Texas",0.9
nn00718128,1.8,138.54,0.139,nn,"47km SSE of Hawthorne, Nevada",
ak0202uqmrpx,2,,,ak,"54km S of Redoubt Volcano, Alaska",
hv71409087,1.99,58,0.0245,hv,"30km E of Honaunau-Napoopoo, Hawaii",0.36
hv71409072,2.05,99,0.03689,hv,"1km SE of Pahala, Hawaii",0.47
ci39088615,1.12,123,0.1464,ci,"18km ESE of Bodfish, CA",0.33
ak0202uqj6oa,1.7,,,ak,"68km NNE of Manley Hot Springs, Alaska",
ci39088607,1.27,31,0.06618,ci,"17km ESE of Julian, CA",0.23
ak0202uq5spa,1.6,,,ak,"15km N of Anchorage, Alaska",
pr2020062017,2.22,180,0.0644,pr,"0km SE of Indios, Puerto Rico",1.3
ci39088599,1.06,59,0.06641,ci,"20km ESE of Julian, CA",0.27
pr2020062016,2.11,246,0.1063,pr,"11km S of Guanica, Puerto Rico",1.32
hv71408997,2.22,120,0.02448,hv,"6km ENE of Pahala, Hawaii",0.53
ak0202uq0g3a,1.6,,,ak,"50km S of Redoubt Volcano, Alaska",
pr2020062015,2.31,260,0.1543,pr,"17km SSE of Guanica, Puerto Rico",0.93
ci39088591,1.02,87,0.1566,ci,"17km ESE of Bodfish, CA",0.47
ci39088583,1.94,70,0.1565,ci,"17km ESE of Bodfish, CA",0.26
ak0202upw9cy,2.3,,,ak,"39km SSW of Redoubt Volcano, Alaska",
ak0202upw8qv,2,,,ak,"79km NNW of Nikiski, Alaska",
ci39088575,2.09,48,0.006512,ci,"7km W of Holtville, CA",0.32
ak0202upmjaj,1.5,,,ak,"30km W of Anchor Point, Alaska",
pr2020062014,2.69,171,0.0518,pr,"1km W of Indios, Puerto Rico",1.67
ak0202uph82j,1.9,,,ak,"51km N of Valdez, Alaska",
pr2020062013,2.06,249,0.0763,pr,"7km S of Indios, Puerto Rico",0.96
ci39088559,1.54,20,0.04191,ci,"13km WNW of Anza, CA",0.17
ak0202uoxpoh,1.8,,,ak,"138km NE of Nome, Alaska",
pr2020062012,1.86,228,0.0741,pr,"8km S of Indios, Puerto Rico",1.17
us600087ta,4,191,0.282,us,"50km SW of Adak, Alaska",6.5
ak0202uoaioj,1.5,,,ak,"16km NNW of Anchorage, Alaska",
hv71408752,1.73,125,0.0321,hv,"21km WNW of Volcano, Hawaii",0.91
mb80383569,1.28,115,0.099,mb,"14km ESE of Lincoln, Montana",0.59
pr2020062011,2.67,245,0.1438,pr,"8km SSE of Tallaboa, Puerto Rico",1.27
us600087sk,4.8,96,2.976,us,"85km N of Isangel, Vanuatu",6.2
ci39088535,0.95,84,0.05166,ci,"16km N of Yucca Valley, CA",0.32
uu60361812,1.67,78,0.02357,uu,"4km SSW of Enoch, Utah",1.03
hv71408717,1.84,204,0.08173,hv,"3km SSE of Pahala, Hawaii",0.94
ci39088519,2.22,81,0.09965,ci,"15km ENE of Ridgecrest, CA",0.3
ci39088511,1.84,120,0.1114,ci,"9km ENE of Ridgecrest, CA",0.3
ak0202unktz0,1.9,,,ak,"92km NW of Talkeetna, Alaska",
pr2020062010,2.36,160,0.0271,pr,"3km SE of Palomas, Puerto Rico",1.14
pr2020062009,2.24,240,0.0918,pr,"8km S of Guanica, Puerto Rico",0.65
ak0202un14pr,1.9,,,ak,"94km WNW of Willow, Alaska",
ak0202umypto,2.1,,,ak,"142km WNW of Arctic Village, Alaska",
ak0202umyhpn,2.2,,,ak,"96km SE of King Salmon, Alaska",
hv71408592,1.05,100,0.02861,hv,"23km WNW of Volcano, Hawaii",0.24
us600087r0,3,41,0.278,us,"11km NNE of Odessa, Texas",1.1
ci39088471,1.05,31,0.01768,ci,"9km NE of Aguanga, CA",0.19
pr2020062008,2.47,256,0.0638,pr,"7km SE of Maria Antonia, Puerto Rico",0.99
ak0202umfv8g,1.4,,,ak,"51km E of Healy, Alaska",
hv71408532,0.96,128,0.03328,hv,"22km WNW of Volcano, Hawaii",0.37
ok2020ehvt,0.96,104,0.092681813,ok,"0km NE of Guthrie, Oklahoma",
hv71408517,1.81,166,0.02985,hv,"9km E of Pahala, Hawaii",0.61
nc73348855,1.18,75,0.007126,nc,"6km WNW of The Geysers, CA",0.51
ci39088447,2.4,58,0.04474,ci,"12km ENE of Thermal, CA",0.16
nc73348845,2.42,190,0.3511,nc,"44km ESE of Fall River Mills, CA",0.71
ak0202ulwsxa,2.9,,,ak,"38km WSW of Anchorage, Alaska",
ak0202ulw0o8,1.7,,,ak,"68km SW of Homer, Alaska",
ak0202ulvj6l,1.4,,,ak,"40km W of Willow, Alaska",
ci39088431,1.14,96,0.01601,ci,"15km W of Imperial, CA",0.56
ci39088423,1.27,168,0.09775,ci,"11km SW of Searles Valley, CA",0.42
ak0202ulro4v,2,,,ak,"17km WNW of Fishhook, Alaska",
ci39088415,1.5,71,0.08098,ci,"20km ESE of Little Lake, CA",0.21
pr2020062007,2.16,280,0.1455,pr,"16km SSE of Guanica, Puerto Rico",0.49
pr2020062005,2.87,240,0.1286,pr,"25km SSE of Guanica, Puerto Rico",1.41
pr2020062006,2.48,235,0.0751,pr,"8km SSE of Guanica, Puerto Rico",1.25
hv71408392,2.4,101,0.04181,hv,"1km NW of Pahala, Hawaii",0.55
hv71408387,1.8,191,0.01451,hv,"9km ENE of Pahala, Hawaii",0.79
us600087ns,3.8,168,2.235,us,"248km SE of Kodiak, Alaska",7.8
hv71408352,2.26,171,0.03269,hv,"8km E of Pahala, Hawaii",0.58
pr2020062004,2.85,231,0.2565,pr,"19km N of Arecibo, Puerto Rico",1.08
nc73348825,1.15,142,0.008705,nc,"9km WNW of The Geysers, CA",3.01
pr2020062003,2.34,241,0.1008,pr,"11km S of Indios, Puerto Rico",1.36
pr2020062002,2.06,250,0.1273,pr,"14km S of Indios, Puerto Rico",0.93
nc73348810,1.63,167,0.01318,nc,"3km NE of The Geysers, CA",0.47
uw61579262,1.01,124,,uw,"14km ESE of Finley, Washington",0.64
nc73348805,1.78,152,0.02586,nc,"8km NNW of Pinnacles, CA",0.41
ci39088383,1.49,164,0.04447,ci,"16km S of Searles Valley, CA",0.48
hv71408252,1.03,112,0.02702,hv,"22km WNW of Volcano, Hawaii",0.29
ak0202ujxltg,1.8,,,ak,"19km WNW of Anchorage, Alaska",
ok2020ehns,1.73,60,0,ok,"3km N of Medford, Oklahoma",
us600087mu,4.8,183,5.008,us,"233km E of Yamada, Japan",8.8
us600087lz,5.7,50,0.582,us,"54km WSW of Amatignak Island, Alaska",3.6
nc73348790,2.52,63,0.1802,nc,"26km WNW of Montgomery Creek, CA",0.29
pr2020062001,2.64,259,0.1223,pr,"13km SSE of Guanica, Puerto Rico",1.57
pr2020062000,3.14,232,0.0662,pr,"7km SSE of Guanica, Puerto Rico",1.29
hv71408157,0.96,130,0.03499,hv,"22km WNW of Volcano, Hawaii",0.38
pr2020061046,2.38,236,0.0952,pr,"10km S of Indios, Puerto Rico",1.66
nc73348770,2.2,31,,nc,"3km W of San Juan Bautista, CA",0.29
ci39088343,1.08,101,0.1433,ci,"11km E of Julian, CA",0.74
pr2020061045,3.62,194,0.6065,pr,"77km NW of San Antonio, Puerto Rico",2.69
ak0202t95gok,1.6,,,ak,"63km WNW of Talkeetna, Alaska",
ak0202t94q6x,1.9,,,ak,"76km W of Cantwell, Alaska",
ak0202t93wk5,1.7,,,ak,"31km NNW of Anchor Point, Alaska",
us600087jr,4.5,55,5.851,us,"249km W of Hihifo, Tonga",11.8
pr2020061043,2.7,241,0.0999,pr,"11km S of Indios, Puerto Rico",0.94
ci39088327,1.15,152,0.1127,ci,"14km SW of Searles Valley, CA",0.4
ak0202t8l9v3,1.8,,,ak,"110km NW of Talkeetna, Alaska",
pr2020061044,2.13,254,0.133,pr,"15km SSE of Guanica, Puerto Rico",0.9
pr2020061042,2.49,231,0.0732,pr,"6km S of Guanica, Puerto Rico",1.21
ci39088319,1.19,77,0.05627,ci,"1km SW of Burbank, CA",0.57
hv71407957,2.14,137,0.00718,hv,"8km ENE of Pahala, Hawaii",0.43
nc73348745,1.13,200,0.01398,nc,"13km ESE of Mammoth Lakes, CA",0.77
us600087il,5.3,54,4.36,us,"5km NNE of Culasian, Philippines",7.3
hv71407932,1,141,0.03314,hv,"21km WNW of Volcano, Hawaii",0.4
pr2020061041,2.25,251,0.1383,pr,"9km S of La Parguera, Puerto Rico",2.96
hv71407867,2.19,120,0.03978,hv,"5km ENE of Pahala, Hawaii",0.51
ci39088295,0.99,71,0.108,ci,"4km SE of Yucaipa, CA",0.35
us600087i2,4.8,87,0.458,us,"59km NNE of Yunaska Island, Alaska",9.4
nn00718106,1.8,58.75,0.157,nn,"48km SSE of Hawthorne, Nevada",
nc73348730,1.05,150,0.05115,nc,"20km ENE of San Ardo, CA",1.09
ak0202t7r0c1,2.2,,,ak,"61km NE of Cape Yakataga, Alaska",
hv71407817,1.84,196,0.06661,hv,"2km ESE of Pahala, Hawaii",0.79
ak0202t7p459,3.1,,,ak,"40km WSW of Redoubt Volcano, Alaska",
nc73348725,2.71,148,,nc,"20km SSW of Big Pine, CA",1.35
ci39088279,1.56,80,0.07494,ci,"18km ESE of Little Lake, CA",0.22
pr2020061039,1.77,232,0.0673,pr,"7km SSE of Guanica, Puerto Rico",1.04
ak0202t77bcp,1.9,,,ak,"85km E of Cape Yakataga, Alaska",
ak0202t6s3vk,1.8,,,ak,"72km SSW of Kobuk, Alaska",
pr2020061037,1.76,226,0.1161,pr,"4km SE of La Parguera, Puerto Rico",1.52
ci39088255,1.02,69,0.07836,ci,"19km ESE of Little Lake, CA",0.26
ak0202t6m5fo,1.7,,,ak,"71km E of Cantwell, Alaska",
us600087gk,4.9,37,4.565,us,"47km E of Ndoi Island, Fiji",7.3
ak0202t6j429,1.6,,,ak,"56km NW of Redoubt Volcano, Alaska",
pr2020061038,2.47,245,0.1026,pr,"11km SSE of Guanica, Puerto Rico",1.08
pr2020061035,2.44,234,0.0757,pr,"2km WSW of Indios, Puerto Rico",0.92
ak0202t62o29,2.3,,,ak,"142km WSW of Larsen Bay, Alaska",
ci39088247,1.57,67,0.03662,ci,"21km N of Ridgecrest, CA",0.34
ak0202t5y9ya,1.9,,,ak,"69km ESE of Sutton-Alpine, Alaska",
hv71407557,0.98,160,0.03371,hv,"21km WNW of Volcano, Hawaii",0.44
ci39088239,1.72,59,0.05549,ci,"2km ENE of Villa Park, CA",0.27
ak0202t5xnfl,1.7,,,ak,"31km E of Anchorage, Alaska",
hv71407552,2.26,242,0.05207,hv,"1km WNW of Captain Cook, Hawaii",0.72
ci39088231,0.96,59,0.07429,ci,"12km N of Borrego Springs, CA",0.28
pr2020061034,2.94,230,0.0633,pr,"3km SE of Guanica, Puerto Rico",0.87
ak0202t5l1sc,1.9,,,ak,"80km WNW of Willow, Alaska",
hv71407517,2.2,109,0.02816,hv,"22km WNW of Volcano, Hawaii",0.32
ci39088223,1.31,157,0.1258,ci,"14km NE of Ridgecrest, CA",0.37
ci39088215,1.18,78,0.08305,ci,"17km SW of Oasis, CA",0.38
nc73348685,2.23,49,0.04236,nc,"1km SW of Danville, CA",0.14
pr2020061033,1.7,243,0.1091,pr,"12km S of Indios, Puerto Rico",0.95
mb80383494,1.07,95,0.098,mb,"39km WNW of West Yellowstone, Montana",0.34
us600087ff,4.6,54,2.239,us,"106km NNE of Kalianget, Indonesia",11.3
pr2020061032,2.63,259,0.145,pr,"22km S of Guanica, Puerto Rico",0.66
pr2020061031,2.57,239,0.0963,pr,"8km SSW of Guanica, Puerto Rico",1.09
ci39088191,1.17,273,0.09623,ci,"11km WSW of Searles Valley, CA",0.89
pr2020061030,1.78,227,0.0828,pr,"6km SW of Guanica, Puerto Rico",1.2
ak0202t4s8z7,1.8,,,ak,"106km W of Cantwell, Alaska",
hv71407437,1.91,195,0.04865,hv,"4km E of Pahala, Hawaii",0.72
ak0202t4prhq,1.5,,,ak,"4km SSW of Big Lake, Alaska",
hv71407417,2.05,105,0.04486,hv,"1km ESE of Pahala, Hawaii",0.56
mb80383489,0.95,120,0.094,mb,"12km ESE of Lincoln, Montana",0.44
ak0202t4danx,1.2,,,ak,"10km ENE of Eielson Air Force Base, Alaska",
hv71407377,1.03,125,0.02943,hv,"22km WNW of Volcano, Hawaii",0.43
ci39088175,1.4,177,0.1532,ci,"12km SSW of Searles Valley, CA",0.55
hv71407347,1.99,98,0.04962,hv,"2km NW of Pahala, Hawaii",0.45
us600087es,4.5,146,0.23,us,"25km E of False Pass, Alaska",5.5
ak0202t461oe,1.6,,,ak,"143km NW of Talkeetna, Alaska",
ak0202t456aw,1.4,,,ak,"15km N of North Nenana, Alaska",
pr2020061028,2.32,242,0.0994,pr,"9km SSW of Guanica, Puerto Rico",1.01
pr2020061029,1.81,211,0.0952,pr,"2km ESE of La Parguera, Puerto Rico",0.63
ci39088159,1.15,87,0.07667,ci,"19km ESE of Little Lake, CA",0.25
ak0202t35yhi,2.3,,,ak,"81km N of Larsen Bay, Alaska",
pr2020061027,2.42,196,0.136,pr,"2km W of Tallaboa, Puerto Rico",1.31
hv71407217,1.04,107,0.02811,hv,"22km WNW of Volcano, Hawaii",0.29
ci39088151,1.36,77,0.04565,ci,"14km N of Ocotillo, CA",0.42
ci39088143,2.61,92,0.0682,ci,"14km SSW of Searles Valley, CA",0.25
nc73348590,2.09,124,0.0106,nc,"6km NNW of Pinnacles, CA",0.32
pr2020061026,2.06,216,0.0863,pr,"6km WSW of Guanica, Puerto Rico",0.94
ci39088135,1.61,138,0.04747,ci,"6km E of Coso Junction, CA",0.27
us600087x1,2.2,134,0.189,us,"13km NNW of Trinidad, Colorado",1.6
ci39088127,2.09,70,0.1255,ci,"10km WSW of Searles Valley, CA",0.25
pr2020061025,1.86,213,0.0819,pr,"4km SSE of Indios, Puerto Rico",0.98
nc73348580,2.09,282,0.01703,nc,"7km WSW of Petrolia, CA",5.71
hv71407167,1.93,148,0.03273,hv,"6km E of Pahala, Hawaii",0.6
pr2020061023,2.51,236,0.0776,pr,"8km SSE of Guanica, Puerto Rico",1.18
ci39088079,1.15,100,0.0505,ci,"23km E of Little Lake, CA",0.29
ci39088071,1.13,119,0.126,ci,"7km ENE of Ridgecrest, CA",0.52
ak0202t2eycl,1.6,,,ak,"6km W of Houston, Alaska",
pr2020061022,2.61,241,0.0908,pr,"9km S of Guanica, Puerto Rico",1.67
us600087cz,4.9,66,3.051,us,"89km SW of Sabtang, Philippines",6.6
pr2020061040,1.57,219,0.1116,pr,"3km SE of Tallaboa, Puerto Rico",1.72
ak0202t21odg,2,,,ak,"61km WNW of Larsen Bay, Alaska",
ok2020eglp,1.68,74,0.350031312,ok,"16km W of Purcell, Oklahoma",
pr2020061024,2.57,258,0.1454,pr,"16km SSE of Guanica, Puerto Rico",0.6
ak0202t20fd7,1.7,,,ak,"12km N of Glennallen, Alaska",
ci39088063,1.06,75,0.04304,ci,"20km E of Little Lake, CA",0.33
pr2020061021,2.46,262,0.1577,pr,"17km SSE of Guanica, Puerto Rico",1
ci39088055,1.95,89,0.3622,ci,"37km NE of Ensenada, B.C., MX",0.69
pr2020061020,2.07,257,0.1382,pr,"15km SSE of Guanica, Puerto Rico",0.68
hv71407077,2.02,145,0.03372,hv,"6km E of Pahala, Hawaii",0.54
pr2020061019,2.45,257,0.1409,pr,"15km SSE of Guanica, Puerto Rico",0.49
hv71407062,2.04,153,0.03542,hv,"5km E of Pahala, Hawaii",0.66
pr2020061018,2.12,258,0.0713,pr,"8km SSW of Indios, Puerto Rico",1.21
uw61579062,1.04,178,,uw,"14km N of Morton, Washington",2.46
pr2020061016,2.59,256,0.1363,pr,"16km SSE of Guanica, Puerto Rico",1.34
pr2020061017,1.76,246,0.1069,pr,"12km SSE of Guanica, Puerto Rico",1.73
pr2020061015,2.73,231,0.0993,pr,"9km S of Indios, Puerto Rico",1.59
hv71406982,1.05,123,0.02559,hv,"23km WNW of Volcano, Hawaii",0.31
ci39088039,1.41,60,0.04591,ci,"19km E of Little Lake, CA",0.32
ak0202t173yd,1.6,,,ak,"10km S of Cohoe, Alaska",
hv71406972,2.03,65,0.03257,hv,"23km WNW of Volcano, Hawaii",0.38
ak0202t15j4u,1.7,,,ak,"39km E of Noatak, Alaska",
ak0202t0vr32,1.8,,,ak,"48km N of Valdez, Alaska",
pr2020061014,1.89,233,0.1063,pr,"11km S of Indios, Puerto Rico",1.16
hv71406967,2.02,98,0.03215,hv,"23km WNW of Volcano, Hawaii",0.23
ak0202t0tehs,1.5,,,ak,"16km SSW of Big Lake, Alaska",
ci39088007,1.45,46,0.06176,ci,"10km S of Idyllwild, CA",0.17
nc73348550,2.66,247,0.3668,nc,"31km NW of Bayview, CA",1.24
nm60306191,1.28,44,0.03836,nm,"5km S of Lilbourn, Missouri",0.33
hv71406937,1.98,161,0.08798,hv,"9km E of Pahala, Hawaii",0.67
nc73348540,1.06,84,0.02382,nc,"2km ENE of Mammoth Lakes, CA",0.57
hv71406917,0.98,130,0.02945,hv,"22km WNW of Volcano, Hawaii",0.34
hv71406907,1,123,0.02811,hv,"22km WNW of Volcano, Hawaii",0.29
hv71406902,1.17,107,0.02878,hv,"22km WNW of Volcano, Hawaii",0.28
hv71406892,1.06,109,0.02634,hv,"22km WNW of Volcano, Hawaii",0.29
hv71406887,2.41,146,0.03424,hv,"6km E of Pahala, Hawaii",0.6
hv71406882,1.04,134,0.02614,hv,"22km WNW of Volcano, Hawaii",0.33
pr2020061013,2.55,256,0.0775,pr,"7km S of Indios, Puerto Rico",1.17
hv71406847,0.96,139,0.02856,hv,"22km WNW of Volcano, Hawaii",0.38
hv71406842,1.01,126,0.02747,hv,"22km WNW of Volcano, Hawaii",0.33
hv71406837,1.05,108,0.02892,hv,"22km WNW of Volcano, Hawaii",0.29
nc73348515,1.29,157,0.03284,nc,"2km ENE of San Juan Bautista, CA",0.85
ak0202t00utw,2.2,,,ak,"42km SW of Anchor Point, Alaska",
hv71406822,2.93,99,0.03191,hv,"22km WNW of Volcano, Hawaii",0.23
pr2020061012,2.84,220,0.0554,pr,"6km SSW of Indios, Puerto Rico",2.82
ak0202szot9o,1.5,,,ak,"62km W of Valdez, Alaska",
ci39087943,1.13,101,0.03802,ci,"12km ESE of Coso Junction, CA",0.42
pr2020061011,2.62,210,0.0403,pr,"4km SSW of Indios, Puerto Rico",1.43
ak0202szlrza,2.1,,,ak,"85km NNW of Valdez, Alaska",
ci39087919,2.12,111,0.06075,ci,"15km SSW of Searles Valley, CA",0.32
ci39087911,1.47,98,0.03399,ci,"12km NE of Little Lake, CA",0.33
us6000879e,4.2,74,2.464,us,"35km SSE of Jarm, Afghanistan",7.6
pr2020061010,2.88,225,0.0677,pr,"5km SSW of Guanica, Puerto Rico",0.79
uw61579022,1.07,113,,uw,"14km ESE of Finley, Washington",0.81
ak0202syzhfz,1.9,,,ak,"20km WNW of Whittier, Alaska",
nc73348495,1.91,232,0.2045,nc,"7km SE of McArthur, CA",1.26
ak0202syuuw1,2,,,ak,"59km S of Redoubt Volcano, Alaska",
us6000878x,4.7,85,5.366,us,"187km NW of Farallon de Pajaros, Northern Mariana Islands",10.6
pr2020061009,2.65,251,0.1198,pr,"12km S of Guanica, Puerto Rico",1.06
nn00718088,1.9,99.03,0.237,nn,"27km ENE of Beatty, Nevada",
hv71406727,2.61,138,0.02752,hv,"5km NE of Pahala, Hawaii",0.5
ak0202sydo19,1.4,,,ak,"26km E of Redoubt Volcano, Alaska",
nn00718079,1.8,136.16,0.151,nn,"48km SSE of Hawthorne, Nevada",
ak0202sy7w4f,1.8,,,ak,"78km W of Cantwell, Alaska",
ak0202sy78yv,1.6,,,ak,"4km E of Big Lake, Alaska",
uw61579007,1.46,100,,uw,"9km W of Eatonville, Washington",0.39
pr2020061008,2.34,258,0.1434,pr,"15km S of Guanica, Puerto Rico",0.67
hv71406687,2.29,114,0.04419,hv,"1km ESE of Pahala, Hawaii",0.69
ak0202sxsqo3,1.9,,,ak,"78km SW of Kaktovik, Alaska",
pr2020061007,2.5,231,0.1153,pr,"10km SSE of Indios, Puerto Rico",1.02
us6000877n,4.6,64,0.962,us,"154km NNE of Calama, Chile",6.9
ci39087815,1.64,83,0.02039,ci,"10km NE of Coso Junction, CA",0.25
ak0202sx7qb9,1.4,,,ak,"10km SSW of Willow, Alaska",
nc73348455,1.39,59,0.0168,nc,"2km SW of Cobb, CA",0.24
pr2020061005,2.61,231,0.0674,pr,"8km SE of Guanica, Puerto Rico",0.85
ak0202sx3t1n,1.5,,,ak,"7km SW of Sterling, Alaska",
ci39087791,1.87,31,0.04596,ci,"10km NNW of Anza, CA",0.22
ak0202sx0l88,2.9,,,ak,"71km SW of Kaktovik, Alaska",
us60008778,4.7,90,3.085,us,"86km SW of Sabtang, Philippines",8.6
ok2020efui,1.08,69,0.013497351,ok,"11km NW of Pawnee, Oklahoma",
ci39087783,1.39,161,0.1142,ci,"12km WSW of Searles Valley, CA",0.43
pr2020061006,2.16,200,0.1068,pr,"4km SSE of Guayanilla, Puerto Rico",1.85
pr2020061004,2.5,238,0.0872,pr,"10km SE of Guanica, Puerto Rico",1.18
nc73348420,1.88,128,0.04004,nc,"14km NE of Covelo, CA",0.45
us6000876z,2.3,44,0.273,us,"11km NNE of Odessa, Texas",1.1
ak0202swmmt5,1.6,,,ak,"63km SW of Cantwell, Alaska",
ak0202swltcc,2,,,ak,"104km WNW of Talkeetna, Alaska",
ak0202swl50x,1.3,,,ak,"5km NNW of Big Lake, Alaska",
pr2020061003,2.81,236,0.095,pr,"13km SSE of Guanica, Puerto Rico",0.89
ak0202swhyoj,1.7,,,ak,"80km S of Kobuk, Alaska",
ak0202swh2up,1.8,,,ak,"52km WNW of Anchor Point, Alaska",
ak0202swgoir,1.7,,,ak,"61km E of Cantwell, Alaska",
mb80383479,1.12,113,0.085,mb,"38km WNW of West Yellowstone, Montana",0.52
ak0202sw1x30,1.4,,,ak,"24km SSW of Talkeetna, Alaska",
hv71406462,1.81,144,0.06626,hv,"5km ENE of Pahala, Hawaii",0.79
ak0202sw07as,1.3,,,ak,"25km NNW of Nikiski, Alaska",
pr2020061002,2.92,249,0.1139,pr,"12km S of Guanica, Puerto Rico",1.15
pr2020061001,2.59,247,0.1515,pr,"17km SSE of Guanica, Puerto Rico",1.2
hv71406442,1.97,148,0.03364,hv,"5km ENE of Pahala, Hawaii",0.79
pr2020061000,2.84,213,0.1683,pr,"11km SSE of Tallaboa, Puerto Rico",1.19
us6000876d,4.4,152,3.119,us,"90km ESE of Namie, Japan",7.3
ci39087679,1.88,92,0.1544,ci,"13km SSW of Searles Valley, CA",0.35
uw61578987,1.34,129,,uw,"23km W of Tieton, Washington",0.74
ci39087671,0.99,166,0.121,ci,"11km WSW of Searles Valley, CA",0.55
ak0202rm3fvn,1.7,,,ak,"74km WSW of Anchor Point, Alaska",
se60101423,2.13,278,0.426,se,"15km E of Booneville, Mississippi",1.69
pr2020060051,3.01,259,0.1442,pr,"15km S of Guanica, Puerto Rico",0.57
pr2020060050,2.58,169,0.0442,pr,"2km W of Indios, Puerto Rico",1.15
ak0202rlheck,1.5,,,ak,"20km NE of Badger, Alaska",
nc73348345,2.43,131,0.02186,nc,"22km ENE of San Lucas, CA",0.37
ak0202rlfwly,2,,,ak,"31km WNW of Valdez, Alaska",
ci39087631,1.97,45,0.05426,ci,"17km E of Little Lake, CA",0.21
hv71406282,1.83,166,0.04793,hv,"7km ESE of Pahala, Hawaii",0.62
ci39087607,1.25,158,0.05189,ci,"7km ENE of Coso Junction, CA",0.33
pr2020060049,2.49,241,0.0962,pr,"11km SE of Guanica, Puerto Rico",0.85
pr2020060047,2.84,252,0.1303,pr,"15km SSE of Guanica, Puerto Rico",1.07
ak0202rl10do,2.4,,,ak,"61km WSW of Anchor Point, Alaska",
ci39087591,1.84,37,0.09429,ci,"17km W of Johannesburg, CA",0.31
ci39087583,1.15,157,0.01855,ci,"10km NE of Coso Junction, CA",0.32
hv71406242,2.05,206,0.08865,hv,"4km SSE of Pahala, Hawaii",1.07
ak0202rksji5,1.7,,,ak,"72km SW of Homer, Alaska",
ak0202rkhc9h,1.7,,,ak,"80km S of Kobuk, Alaska",
hv71406202,2.07,45,0.08796,hv,"21km W of Volcano, Hawaii",0.6
pr2020060045,2.71,227,0.0744,pr,"5km SSW of Guanica, Puerto Rico",0.91
pr2020060048,2.35,235,0.0787,pr,"9km SE of Guanica, Puerto Rico",0.86
ci39087543,1.39,77,0.07718,ci,"22km ESE of Little Lake, CA",0.23
us60008735,4.2,96,0.93,us,"6km NE of Mangaldai, India",6.6
ak0202rk61ne,1.4,,,ak,"67km SSW of Kobuk, Alaska",
nc73348290,1.05,59,0.01005,nc,"6km WNW of The Geysers, CA",0.21
ak0202rjwqk3,1.5,,,ak,"80km S of Kobuk, Alaska",
pr2020060043,2.84,228,0.1229,pr,"5km SE of La Parguera, Puerto Rico",0.63
us60008736,3.5,102,1.544,us,"97km N of Lavrentiya, Russia",7.9
pr2020060046,2.31,212,0.0674,pr,"3km S of Indios, Puerto Rico",0.99
nc73348275,1.97,42,0.009076,nc,"6km NW of The Geysers, CA",0.16
nc73348270,1.47,150,0.0508,nc,"2km SE of Emerald Lake Hills, CA",0.45
nc73348260,1.65,68,0.01197,nc,"2km WNW of Anderson Springs, CA",0.21
nc73348255,1.92,71,0.01162,nc,"2km WNW of Anderson Springs, CA",0.25
ak0202rjmw8v,2.9,,,ak,"78km S of Kobuk, Alaska",
pr2020060044,2.09,233,0.0787,pr,"9km SE of Guanica, Puerto Rico",0.71
hv71406102,2.08,93,0.03746,hv,"1km SSE of Pahala, Hawaii",0.57
pr2020060042,2.02,252,0.1236,pr,"14km SSE of Guanica, Puerto Rico",0.57
ci39087511,1.85,72,0.0494,ci,"16km W of Searles Valley, CA",0.25
ak0202rj8cok,1.5,,,ak,"3km NE of Willow, Alaska",
nc73348235,1.08,180,0.02737,nc,"10km ENE of Mammoth Lakes, CA",1.08
mb80383444,1.35,102,0.101,mb,"15km SE of Lincoln, Montana",0.43
ak0202rj66f6,1.4,,,ak,"107km W of Cantwell, Alaska",
pr2020060041,2.51,250,0.1172,pr,"13km SSE of Guanica, Puerto Rico",0.65
ak0202rj2byx,2.7,,,ak,"103km W of Larsen Bay, Alaska",
pr2020060031,2.37,220,0.074,pr,"1km S of La Parguera, Puerto Rico",0.64
hv71406057,2.04,128,0.02625,hv,"6km ENE of Pahala, Hawaii",0.73
pr2020060040,2.24,230,0.0817,pr,"8km S of Indios, Puerto Rico",1.21
pr2020060039,7.5,241,0.093,pr,"10km SSE of Maria Antonia, Puerto Rico",1.15
pr2020060029,3.53,214,0.0896,pr,"5km S of Indios, Puerto Rico",1.59
ci39087487,1.07,98,0.1567,ci,"15km SW of Searles Valley, CA",0.36
nc73348195,1.62,214,0.4131,nc,"21km NW of New Idria, CA",4.53
pr2020060037,2.58,242,0.1827,pr,"20km SSE of Guanica, Puerto Rico",1.2
uu60361717,1.49,50,0.03365,uu,"14km E of West Yellowstone, Montana",0.36
pr2020060038,2.57,265,0.1643,pr,"17km S of Guanica, Puerto Rico",0.65
pr2020060036,2.12,193,0.1242,pr,"3km SSE of Magas Arriba, Puerto Rico",0.96
nm60306186,1.5,58,0.04314,nm,"9km NE of Portageville, Missouri",0.45
ak0202rhwc9p,1,,,ak,"52km WNW of Anchor Point, Alaska",
nc73348180,1.93,153,0.1154,nc,"18km WSW of Toms Place, CA",0.38
us600086zt,4.1,125,4.01,us,Banda Sea,7.4
pr2020060026,2.95,232,0.0668,pr,"2km ESE of Maria Antonia, Puerto Rico",0.95
nc73348170,1.73,205,0.07047,nc,"6km WSW of San Ardo, CA",0.54
us600086z9,4.4,67,0.713,us,"90km NE of Diego de Almagro, Chile",5.4
pr2020060035,0.97,244,0.1012,pr,"11km SSE of Maria Antonia, Puerto Rico",0.89
pr2020060034,2.28,164,0.0359,pr,"3km SE of Palomas, Puerto Rico",2.92
pr2020060032,1.96,161,0.0443,pr,"2km W of Indios, Puerto Rico",2.98
ci39087455,2.12,74,0.1557,ci,"13km ENE of Ridgecrest, CA",0.25
pr2020060027,2.35,239,0.0976,pr,"9km SE of Guanica, Puerto Rico",1.09
ak0202rhb1h0,1.3,,,ak,"95km SE of New Allakaket, Alaska",
pr2020060030,2.13,185,0.0805,pr,"2km ESE of Indios, Puerto Rico",0.79
pr2020060033,1.89,192,0.0786,pr,"2km ESE of Indios, Puerto Rico",1.14
ak0202rh81h9,1.3,,,ak,"3km ESE of Glennallen, Alaska",
pr2020060028,2.05,189,0.0764,pr,"1km ESE of Indios, Puerto Rico",1.09
us600086yk,3.5,265,0.618,us,"72km SSE of Unalaska, Alaska",11.2
pr2020060025,2.5,231,0.0686,pr,"8km SE of Guanica, Puerto Rico",0.97
ok2020eexs,1.23,87,0.100780224,ok,"9km WSW of Blanchard, Oklahoma",
hv71405907,2,152,0.03197,hv,"6km E of Pahala, Hawaii",0.78
us600086y2,2.6,186,0.054,us,"4km SE of Indios, Puerto Rico",1.4
ci39087407,0.96,154,0.1668,ci,"14km ENE of Ridgecrest, CA",0.45
ak0202rgom7c,1.3,,,ak,"4km ESE of Big Lake, Alaska",
ak0202rga6hf,1.5,,,ak,"57km NNE of Talkeetna, Alaska",
pr2020060023,2.31,236,0.095,pr,"7km SSE of Maria Antonia, Puerto Rico",0.91
us600086xp,4.8,64,1.633,us,"122km E of Kimbe, Papua New Guinea",8.4
uw61578782,1.32,47,,uw,"3km W of Victoria, Canada",0.69
pr2020060022,2.03,231,0.0775,pr,"9km SSW of Indios, Puerto Rico",0.92
ok2020eeux,1.62,198,0.112477928,ok,"1km SW of Quinton, Oklahoma",
mb80383579,2.29,184,0.009,mb,"38km WNW of West Yellowstone, Montana",1.21
us600086x0,3.9,69,0.083,us,"37km WNW of West Yellowstone, Montana",1.3
ak0202rfq5ca,1.9,,,ak,"109km NNW of Larsen Bay, Alaska",
ok2020eeud,1.62,265,0.101680047,ok,"1km NW of Quinton, Oklahoma",
hv71405817,1.8,143,0.02823,hv,"6km E of Pahala, Hawaii",0.65
ak0202rflqz8,1.8,,,ak,"92km NNW of Nikiski, Alaska",
ci39087367,3.05,30,0.07423,ci,"23km ESE of Little Lake, CA",0.22
ci39087359,1.93,67,0.07714,ci,"22km ESE of Little Lake, CA",0.23
us600086w9,4.4,104,1.045,us,"11km SSW of Sivrice, Turkey",4.1
ak0202rfj21s,1.4,,,ak,"113km N of Larsen Bay, Alaska",
pr2020060021,2.89,196,0.4323,pr,"80km WSW of Pole Ojea, Puerto Rico",1.85
ak0202rfhy8h,1.9,,,ak,"98km NNW of Nikiski, Alaska",
ak0202rfexz9,1.6,,,ak,"81km WSW of Cantwell, Alaska",
us600086vt,4.6,150,2.051,us,"102km SW of Pijijiapan, Mexico",8.7
pr2020060020,2.12,215,0.0523,pr,"4km SSW of Indios, Puerto Rico",1.39
ak0202rf0593,1.3,,,ak,"3km SE of Big Lake, Alaska",
nc73348075,1.79,117,0.0574,nc,"5km NNE of Penngrove, CA",0.45
pr2020060019,2.98,223,0.4759,pr,"46km N of Carrizales, Puerto Rico",1.4
pr2020060018,2,208,0.0607,pr,"2km S of Indios, Puerto Rico",1.97
nc73348065,1.49,50,0.01058,nc,"8km NW of The Geysers, CA",0.17
pr2020060017,2.49,244,0.1043,pr,"12km SE of Guanica, Puerto Rico",0.88
ci39087319,1.45,57,0.01827,ci,"9km E of Yucaipa, CA",0.21
us600086v4,2.7,201,0.979,us,"37km E of Road Town, British Virgin Islands",5.2
ci39087295,1.61,31,0.04594,ci,"7km S of Redlands, CA",0.19
mb80383384,1.58,131,0.382,mb,"56km SE of Salmon, Idaho",0.57
hv71405657,1.9,148,0.02467,hv,"7km E of Pahala, Hawaii",0.54
us600086um,5.3,73,2.501,us,"158km N of Tobelo, Indonesia",7.9
ci39087271,2.31,59,0.128,ci,"14km NE of Ridgecrest, CA",0.22
hv71405637,1.72,88,0.0468,hv,"5km NE of Pahala, Hawaii",0.67
pr2020060016,2.67,230,0.0692,pr,"8km SSW of Indios, Puerto Rico",1.19
ak0202rdcy5w,1.2,,,ak,"40km SW of Anchorage, Alaska",
pr2020060015,2.61,234,0.0783,pr,"9km SSE of Maria Antonia, Puerto Rico",1.52
ak0202rdbg3n,1.4,,,ak,"121km NW of Talkeetna, Alaska",
ak0202rd7gl7,1.5,,,ak,"39km ESE of Anchorage, Alaska",
hv71405612,1.86,157,0.07381,hv,"7km E of Pahala, Hawaii",0.85
ak0202rd5a2e,1.9,,,ak,"92km ENE of Kobuk, Alaska",
us600086tp,4.7,106,3.45,us,"43km WNW of Nuqui, Colombia",4.5
ak0202rd0y9k,3.5,,,ak,"51km SSE of Little Sitkin Island, Alaska",
hv71405592,1.83,167,0.0393,hv,"6km E of Pahala, Hawaii",0.71
ak0202rcpmj8,1.5,,,ak,"17km SSW of Big Lake, Alaska",
nc73348015,1.05,72,0.02524,nc,"4km E of Mammoth Lakes, CA",0.64
nc73348010,1.68,137,0.06793,nc,"12km E of Pinnacles, CA",0.52
us600086tf,4,84,2.538,us,"30km WSW of Ashkasham, Afghanistan",6.1
pr2020060014,2.74,226,0.0551,pr,"5km S of Guanica, Puerto Rico",0.78
ak0202rc3dh2,2.1,,,ak,"39km S of Redoubt Volcano, Alaska",
us600086su,5.1,59,1.118,us,"135km ESE of Tadine, New Caledonia",9
pr2020060013,2.71,249,0.1167,pr,"13km SSE of Guanica, Puerto Rico",1.16
ak0202rbytaf,1.6,,,ak,"133km NW of Talkeetna, Alaska",
ak0202rbwnmp,1.9,,,ak,"92km NW of Talkeetna, Alaska",
mb80383379,2.04,105,0.099,mb,"14km SE of Lincoln, Montana",0.45
us600086rw,4,138,0.764,us,"30km SSW of Acala, Mexico",5.7
mb80383364,1.19,106,0.105,mb,"15km SE of Lincoln, Montana",0.51
ok2020eefg,1.18,89,0.119676515,ok,"11km SW of Blanchard, Oklahoma",
pr2020060012,2.45,229,0.0605,pr,"6km SSE of Guanica, Puerto Rico",0.99
nc73347985,1.95,58,0.0263,nc,"4km N of Diablo, CA",0.24
nc73347970,2.27,102,0.06684,nc,"11km S of Tres Pinos, CA",0.29
hv71405462,2.41,180,0.03384,hv,"18km S of Fern Acres, Hawaii",0.8
hv71405457,2.95,207,0.1942,hv,"6km SSW of Honaunau-Napoopoo, Hawaii",1.04
pr2020060011,2.33,234,0.0883,pr,"9km S of Indios, Puerto Rico",1.1
ci39087111,1.21,85,0.06312,ci,"24km ESE of Little Lake, CA",0.37
pr2020060010,2.41,218,0.0614,pr,"5km S of Indios, Puerto Rico",1.55
pr2020060009,2.49,247,0.1143,pr,"13km SSE of Guanica, Puerto Rico",0.87
se60101223,1.87,173,0.08993,se,"6km ENE of Surgoinsville, Tennessee",1.22
pr2020060008,2.55,157,0.0946,pr,"0km WNW of Guayanilla, Puerto Rico",1.89
ak0202ra8htv,2,,,ak,"72km WSW of Tok, Alaska",
pr2020060007,2.89,225,0.0805,pr,"7km S of Indios, Puerto Rico",1.4
pr2020060005,2.95,261,0.1909,pr,"27km S of Guanica, Puerto Rico",1.35
pr2020060006,2.67,225,0.0784,pr,"7km S of Indios, Puerto Rico",1.11
nc73347940,1.25,57,0.01151,nc,"8km NW of The Geysers, CA",0.24
us600086pq,4.8,57,3.112,us,"273km NE of Camacha, Portugal",7.2
hv71405332,2.02,117,0.01279,hv,"4km SSE of Pahala, Hawaii",0.52
pr2020060004,2.74,261,0.1548,pr,"17km SSE of Guanica, Puerto Rico",1.07
us600086pe,2.9,204,0.866,us,"58km NNE of Miches, Dominican Republic",6.5
ci39087071,1.88,61,0.05743,ci,"12km NNE of Coso Junction, CA",0.24
ci39087063,1.5,69,0.07536,ci,"22km NE of Johannesburg, CA",0.38
pr2020060003,2.4,239,0.0855,pr,"9km SSE of Guanica, Puerto Rico",1.21
pr2020060002,2.38,207,0.0146,pr,"2km ESE of Maria Antonia, Puerto Rico",1.62
us600086p9,4.6,71,1.724,us,"12km W of Gueiria, Venezuela",4.1
us600086p5,4.5,106,0.093,us,"8km NNW of Zonda, Argentina",8.6
us600086p0,5.3,62,8.309,us,"103km SE of Neiafu, Tonga",12.5
ak0202r96ad5,1.4,,,ak,"88km NW of Talkeetna, Alaska",
ci39087039,1.34,81,0.01215,ci,"10km SW of Niland, CA",0.34
nc73347910,1.43,113,0.02862,nc,"10km ENE of Hidden Valley Lake, CA",0.31
ak0202r933wg,1.4,,,ak,"21km SSW of Cantwell, Alaska",
ak0202r931vg,2.4,,,ak,"91km SE of Whittier, Alaska",
hv71405217,1.9,189,0.04705,hv,"4km E of Pahala, Hawaii",0.63
pr2020060001,2.65,231,0.0833,pr,"6km SSW of Guanica, Puerto Rico",0.81
nc73347900,1.02,81,0.01369,nc,"2km NW of The Geysers, CA",0.2
nn00718039,1.5,76.1,0.141,nn,"30km WSW of Hawthorne, Nevada",
ci39087015,1.88,26,0.04332,ci,"11km NNW of Banning, CA",0.2
us600086n3,4.3,30,0.653,us,"62km NE of Calama, Chile",8.1
ak0202r8vbzs,2,,,ak,"54km S of Kodiak Station, Alaska",
ci39086999,0.98,35,0.07702,ci,"3km SE of San Jacinto, CA",0.35
ci39086959,1.34,44,0.06262,ci,"11km ENE of Trabuco Canyon, CA",0.29
us600086mr,4.7,127,5.155,us,South of the Fiji Islands,7.3
nn00718032,1.1,100.6,0.333,nn,"35km SSW of Caliente, Nevada",
mb80383349,1.86,209,0.55,mb,"40km E of Helena Valley Southeast, Montana",0.9
pr2020060000,1.87,253,0.1296,pr,"14km SSE of Guanica, Puerto Rico",0.75
nc73347885,1.56,115,0.1058,nc,"20km NE of Red Bluff, CA",0.45
ci39086919,1.52,24,0.05504,ci,"2km N of Lytle Creek, CA",0.28
ci39086911,1.34,117,0.04901,ci,"9km ENE of Coso Junction, CA",0.2
hv71405067,2.45,63,0.06177,hv,"11km ENE of Honaunau-Napoopoo, Hawaii",0.32
ak0202pygek8,1.5,,,ak,"123km W of Cantwell, Alaska",
us600086lg,4.5,45,6.295,us,"289km NE of Zeya, Russia",7.3
nn00718033,1,166.31,0.465,nn,"18km ESE of Silver Springs, Nevada",
hv71405047,2.14,126,0.02506,hv,"6km ENE of Pahala, Hawaii",0.74
hv71405042,2.23,145,0.02359,hv,"7km ENE of Pahala, Hawaii",0.86
ak0202pyeqqo,3,,,ak,"58km WSW of Larsen Bay, Alaska",
ak0202py5bpf,3,,,ak,"70km S of Kobuk, Alaska",
nc73347875,1.46,111,0.05379,nc,"16km NW of Pinnacles, CA",0.29
nn00718027,1.1,144.83,0.141,nn,"47km SSE of Hawthorne, Nevada",
pr2020059052,2.12,119,0.0785,pr,"1km N of Yauco, Puerto Rico",2.06
us600086ik,4.1,278,4.127,us,"197km ENE of Socorro Island, Mexico",13.3
mb80383324,1.27,75,0.085,mb,"38km WNW of West Yellowstone, Montana",0.41
ak0202pxi47l,1.6,,,ak,"85km NNW of Talkeetna, Alaska",
us600086h7,4.4,60,1.528,us,"100km NE of Aksu, China",7
nn00718042,1.4,210.89,0.321,nn,"40km ESE of Bridgeport, California",
ak0202px8pcq,1.8,,,ak,"38km ESE of Anchorage, Alaska",
ci39086783,1.11,50,0.03414,ci,"7km NE of Aguanga, CA",0.22
uw61578587,1.94,228,,uw,"23km SE of Milton-Freewater, Oregon",1.88
ci39086767,1.85,29,0.01883,ci,"3km N of Castaic, CA",0.35
ak0202pwukbk,2.4,,,ak,"17km WSW of Willow, Alaska",
us600086ep,4.1,80,1.749,us,"197km W of Chichi-shima, Japan",6.6
nc73347830,1.5,77,0.02189,nc,"6km ENE of Vallejo, CA",0.25
ci39086735,1.38,56,0.07404,ci,"15km ESE of Little Lake, CA",0.26
ak0202pwpdb4,3.1,,,ak,"31km NNE of Nikiski, Alaska",
mb80383309,1.98,113,0.065,mb,"5km E of Butte, Montana",0.49
nc73347825,1.14,105,0.007152,nc,"5km WNW of The Geysers, CA",0.25
ci39086711,1.62,53,0.1193,ci,"7km S of Mojave, CA",0.35
ci39086695,1.13,63,0.05849,ci,"5km ENE of Brea, CA",0.49
ak0202pw964k,1.4,,,ak,"17km NW of Anchorage, Alaska",
ci39086671,1.21,52,0.08824,ci,"19km E of Julian, CA",0.4
nc73347810,1.04,47,0.02777,nc,"11km ENE of Milpitas, CA",0.23
nc73347795,2.53,66,0.243,nc,"20km NNW of Coalinga, CA",0.25
ci39086647,1.53,66,0.135,ci,"16km WSW of Taft, CA",0.42
nc73347790,1.12,112,0.08055,nc,"2km WNW of Round Valley, CA",0.33
pr2020059051,2.59,251,0.1579,pr,"16km SSE of Guanica, Puerto Rico",1.16
ci39086631,1.18,62,0.0579,ci,"12km WSW of Corona, CA",0.22
ci39086607,0.99,66,0.03356,ci,"4km WNW of Devore, CA",0.24
uu60361627,1.65,129,0.03659,uu,"34km NNE of Old Faithful Geyser, Wyoming",0.32
us600086as,5.1,44,4.248,us,"202km NW of Visokoi Island, South Georgia and the South Sandwich Islands",10.7
pr2020059050,1.75,276,0.2164,pr,"24km SSE of Guanica, Puerto Rico",1.48
hv71404692,1.85,161,0.03262,hv,"8km E of Pahala, Hawaii",0.65
ci39086583,0.97,80,0.02305,ci,"20km WNW of Searles Valley, CA",0.35
ci39086575,1.3,59,0.1633,ci,"11km NNW of Ocotillo Wells, CA",0.27
ak0202pvk0lr,1.4,,,ak,"99km NNW of Nikiski, Alaska",
us6000869j,4.1,85,2.152,us,"38km NW of Muang La, Laos",4.6
hv71404592,1.9,149,0.0379,hv,"6km E of Pahala, Hawaii",0.74
pr2020059049,3.8,173,0.0779,pr,"0km NW of Guayanilla, Puerto Rico",1.88
ci39086471,1.03,89,0.02622,ci,"20km E of Little Lake, CA",0.39
nc73347745,1.18,96,0.01592,nc,"2km NNE of The Geysers, CA",0.33
ak0202pub890,1.9,,,ak,"88km NNW of Talkeetna, Alaska",
pr2020059048,2.7,223,0.045,pr,"5km SSE of Maria Antonia, Puerto Rico",1.53
ak0202pu9406,1.4,,,ak,"20km W of Redoubt Volcano, Alaska",
ak0202ptvsyk,1.9,,,ak,"85km N of Kobuk, Alaska",
ak0202ptuy56,1.8,,,ak,"35km E of Cordova, Alaska",
pr2020059047,2.04,208,0.0857,pr,"3km SE of Indios, Puerto Rico",1.24
pr2020059046,2.59,239,0.0922,pr,"12km SSW of Guanica, Puerto Rico",0.6
ak0202ptrdg2,2.3,,,ak,"45km WNW of Seward, Alaska",
pr2020059045,2.62,242,0.1309,pr,"7km SSE of La Parguera, Puerto Rico",0.8
nc73347725,1.08,100,0.007147,nc,"5km WNW of The Geysers, CA",0.32
ci39086383,1.25,74,0.08274,ci,"3km S of Highland Park, CA",0.48
ak0202pt5p9m,1.6,,,ak,"99km W of Willow, Alaska",
us6000863h,4.1,147,2.578,us,"277km ESE of Kodiak, Alaska",3.7
pr2020059044,1.94,243,0.1098,pr,"12km S of Indios, Puerto Rico",3.54
us6000863e,5.1,77,0.154,us,"43km WSW of Pagaralam, Indonesia",7.7
us60008636,4.6,129,1.31,us,"142km E of Chichi-shima, Japan",10.2
ci39086311,1.73,70,0.1543,ci,"13km SW of Searles Valley, CA",0.25
us60008632,4.5,171,2.002,us,"35km WNW of `Alaqahdari-ye Kiran wa Munjan, Afghanistan",9
ak0202ps5fgc,1.2,,,ak,"13km NE of Cantwell, Alaska",
ok2020ecyl,1.46,64,0.060288169,ok,"5km NNW of Newcastle, Oklahoma",
pr2020059043,2.92,247,0.1046,pr,"19km S of Guanica, Puerto Rico",0.75
ak0202ps3hjr,1.2,,,ak,"65km NNW of Talkeetna, Alaska",
ci39086287,1.29,27,0.06918,ci,"8km WNW of Palomar Observatory, CA",0.21
ci39086279,1,192,0.1536,ci,"10km S of Trona, CA",0.76
pr2020059042,2.18,207,0.1347,pr,"3km SW of Tallaboa, Puerto Rico",1.02
ak0202przqdf,1.5,,,ak,"57km SW of Glennallen, Alaska",
ci39086263,1.48,90,0.1018,ci,"12km NE of Coachella, CA",0.25
nc73347660,0.97,104,0.01348,nc,"3km NE of The Geysers, CA",0.3
nc73347655,1.14,97,0.01364,nc,"12km SE of Pinnacles, CA",0.31
us6000861s,4.3,160,5.523,us,"206km E of Vostok, Russia",7.1
uu60361612,1.63,77,0.04113,uu,"7km NNW of West Yellowstone, Montana",0.32
ak0202prl20w,1.6,,,ak,"17km WNW of Anchor Point, Alaska",
ok2020ecwl,1.58,87,0.098080753,ok,"26km E of Cherokee, Oklahoma",
pr2020059041,2.46,227,0.0723,pr,"5km SSW of Guanica, Puerto Rico",0.86
ak0202prhetd,1.3,,,ak,"5km S of Big Lake, Alaska",
nc73347625,1.09,152,0.03016,nc,"9km W of Toms Place, CA",0.38
nc73347610,2.63,44,0.01046,nc,"2km NNW of The Geysers, CA",0.1
ak0202prbnqh,1.6,,,ak,"65km E of Old Iliamna, Alaska",
ci39086231,1.09,163,0.1016,ci,"12km SW of Searles Valley, CA",0.4
us60008612,4.2,166,2.604,us,"50km NNE of Chamba, India",6.1
hv71404252,3.7,77,0.07327,hv,"18km NNE of Hawaiian Ocean View, Hawaii",0.29
us6000860z,4.6,109,1.381,us,"137km WNW of Tobelo, Indonesia",8.9
pr2020059040,2.68,254,0.1323,pr,"20km SSE of Guanica, Puerto Rico",0.6
us6000860u,2.7,110,0.087,us,"38km WNW of West Yellowstone, Montana",1.6
ak0202pqxxr5,1.3,,,ak,"137km NNW of Redoubt Volcano, Alaska",
ci39086215,2.24,54,0.1035,ci,"15km NE of Ridgecrest, CA",0.15
pr2020059039,2.32,226,0.0758,pr,"7km S of Indios, Puerto Rico",0.93
us6000860e,4.5,115,1.332,us,"144km E of Chichi-shima, Japan",3.1
ak0202pqrxkf,1.4,,,ak,"16km NNE of Anchor Point, Alaska",
ak0202pqp5y5,2.5,,,ak,"35km ENE of Y, Alaska",
av62141276,1.24,151,0.04543,av,"26km E of Tanaga Volcano, Alaska",0.55
nc73347580,1.11,104,0.006868,nc,"5km WNW of The Geysers, CA",0.18
pr2020059038,2.26,239,0.0896,pr,"10km SE of Guanica, Puerto Rico",0.83
pr2020059037,2.34,192,0.0689,pr,"1km SE of Indios, Puerto Rico",1.4
pr2020059036,3.05,259,0.1456,pr,"22km SSE of Guanica, Puerto Rico",0.56
mb80383279,1.06,225,0.475,mb,"54km SW of Choteau, Montana",2.54
ak0202pq3k3g,1.5,,,ak,"13km NW of Anchorage, Alaska",
ok2020ecre,2.53,25,0,ok,"6km SE of Minco, Oklahoma",
nn00717998,1.9,90.99,0.062,nn,"42km E of Bishop, California",
pr2020059035,2.79,264,0.1647,pr,"18km SSE of Guanica, Puerto Rico",1.13
ci39086175,1.01,49,0.1029,ci,"13km N of Cabazon, CA",0.33
pr2020059034,2.43,215,0.135,pr,"4km SW of Tallaboa, Puerto Rico",2.61
mb80383274,1.25,101,0.106,mb,"15km SE of Lincoln, Montana",0.51
ak0202ppo1ty,1.2,,,ak,"29km SW of Eielson Air Force Base, Alaska",
ci39086167,2.14,61,0.2105,ci,"29km ESE of Big Pine, CA",0.52
ci39086159,1.27,73,0.07256,ci,"21km ESE of Little Lake, CA",0.29
ak0202pplqnv,1.7,,,ak,"85km NNW of Nikiski, Alaska",
ci39086151,1.53,65,0.06183,ci,"16km W of Searles Valley, CA",0.26
nn00717991,1.7,60,0.081,nn,"34km S of Hawthorne, Nevada",
pr2020059033,2.31,244,0.0995,pr,"11km SSE of Guanica, Puerto Rico",1
ak0202pphnp3,1.6,,,ak,"58km WSW of Anchor Point, Alaska",
av62141236,1.75,139,0.05561,av,"15km E of Tanaga Volcano, Alaska",0.36
ci39086143,1.62,72,0.1194,ci,"9km WSW of Searles Valley, CA",0.31
nc73347565,1.41,114,0.05193,nc,"10km NNW of Redwood Valley, CA",0.27
us600085x5,5.8,132,2.841,us,"114km ESE of Neiafu, Tonga",11.1
us6000860v,3.6,177,0.467,us,"21km SE of Tanaga Volcano, Alaska",6.1
us600085xk,4,130,0.676,us,"76km ESE of Petropavlovsk-Kamchatskiy, Russia",4.4
ak0202pp3htk,1.8,,,ak,"94km NNW of Talkeetna, Alaska",
pr2020059032,2.65,254,0.2318,pr,"25km S of Guanica, Puerto Rico",1.17
pr2020059031,1.86,225,0.05,pr,"6km SE of Guanica, Puerto Rico",1.46
hv71404117,1.65,265,0.353,hv,"44km SE of Pahala, Hawaii",0.84
pr2020059030,2.65,252,0.1244,pr,"13km SSE of Guanica, Puerto Rico",1.05
ak0202poz70p,1.2,,,ak,"38km W of Kenai, Alaska",
ak0202powwxx,1.5,,,ak,"16km NNW of Anchorage, Alaska",
pr2020059029,2.29,219,0.0673,pr,"5km S of Indios, Puerto Rico",1.36
ok2020ecmy,1.58,56,0,ok,"16km NW of Pawnee, Oklahoma",
nn00718012,1.8,190.16,0.416,nn,"25km W of Gerlach-Empire, Nevada",
pr2020059028,2.29,214,0.058,pr,"4km S of Indios, Puerto Rico",1.27
ci39086127,0.96,146,0.05539,ci,"16km W of Searles Valley, CA",0.39
ak0202pojzu9,1.8,,,ak,"68km NE of Whittier, Alaska",
ci39086119,1.69,49,0.04711,ci,"20km E of Little Lake, CA",0.19
ak0202poihu9,1.2,,,ak,"47km NNW of Nikiski, Alaska",
ak0202poi9ix,1.6,,,ak,"87km NNE of Glennallen, Alaska",
ak0202pohgg9,2,,,ak,"89km NNE of Glennallen, Alaska",
pr2020059027,2.09,151,0.1364,pr,"2km WSW of Penuelas, Puerto Rico",0.9
ok2020eclw,1.56,58,0,ok,"15km NW of Pawnee, Oklahoma",
nc73347535,1.59,277,0.1816,nc,"2km NW of Round Valley, CA",0.93
pr2020059025,2.68,251,0.1215,pr,"13km SSE of Guanica, Puerto Rico",0.95
pr2020059023,2.82,237,0.1691,pr,"19km SSE of Guanica, Puerto Rico",1.04
pr2020059024,1.97,252,0.1249,pr,"14km SSE of Guanica, Puerto Rico",0.54
us600085vh,4.3,86,2.401,us,"3km W of Kenari, Indonesia",9
pr2020059026,2.08,252,0.1239,pr,"14km SSE of Guanica, Puerto Rico",1.19
us600085v8,4.5,83,2.009,us,"9km N of Dir, Pakistan",4.8
pr2020059022,3.1,232,0.1346,pr,"22km SSE of Guanica, Puerto Rico",1.1
pr2020059021,2.74,205,0.1209,pr,"3km W of Tallaboa, Puerto Rico",1.19
us600085v5,4.8,83,1.425,us,"182km SSE of Naze, Japan",6.1
ak0202pnqghy,1.3,,,ak,"111km NW of Talkeetna, Alaska",
pr2020059020,2.7,232,0.0843,pr,"10km SE of Guanica, Puerto Rico",1.1
nm60305876,1.31,91,0.05784,nm,"11km S of New Madrid, Missouri",0.6
us600085uj,4.2,62,2.272,us,"3km NE of Aratoca, Colombia",10.3
nn00717981,2.1,58.65,0.157,nn,"48km SSE of Hawthorne, Nevada",
pr2020059019,2.49,251,0.1192,pr,"13km SSE of Guanica, Puerto Rico",1.11
nn00717980,1.8,103.54,0.157,nn,"49km SSE of Hawthorne, Nevada",
nc73347510,1.9,303,0.3438,nc,"10km S of Stratford, CA",3.62
ak0202pn7y1v,2.7,,,ak,"4km S of Big Lake, Alaska",
ci39086087,0.97,61,0.02455,ci,"13km N of Cabazon, CA",0.2
pr2020059018,2.44,233,0.1209,pr,"9km SSE of Indios, Puerto Rico",1.69
ak0202pms676,1.6,,,ak,"73km SSW of Kobuk, Alaska",
pr2020059017,2.55,245,0.1039,pr,"12km SSE of Guanica, Puerto Rico",1.23
ak0202pmr08k,1.2,,,ak,"142km NE of Nome, Alaska",
ak0202pmqlp3,2.4,,,ak,"82km N of Yakutat, Alaska",
ak0202pmqlo4,3,,,ak,"142km NE of Nome, Alaska",
ak0202pmmkr4,1.2,,,ak,"22km NW of Willow, Alaska",
pr2020059016,2.7,250,0.1454,pr,"19km SSE of Guanica, Puerto Rico",0.58
pr2020059015,2.07,239,0.0939,pr,"11km SE of Guanica, Puerto Rico",0.76
nc73347485,2.35,214,0.1008,nc,"11km WNW of Ferndale, CA",0.71
pr2020059014,2.29,236,0.0764,pr,"8km SSE of Guanica, Puerto Rico",1.34
ak0202pm4sr5,1.1,,,ak,"6km WNW of Salcha, Alaska",
pr2020059012,2.5,258,0.144,pr,"19km SSE of Guanica, Puerto Rico",0.68
pr2020059013,2.8,240,0.0959,pr,"11km SE of Guanica, Puerto Rico",1.09
pr2020059011,8.35,195,0.1238,pr,"2km SSW of Penuelas, Puerto Rico",1.08
ci39086055,1.12,61,0.08553,ci,"16km ESE of Little Lake, CA",0.26
pr2020059010,2.48,225,0.074,pr,"7km S of Indios, Puerto Rico",1.46
hv71403902,1.84,134,0.04812,hv,"3km E of Pahala, Hawaii",0.74
pr2020059009,2.74,252,0.1244,pr,"14km SSE of Guanica, Puerto Rico",0.72
uw61578407,1.14,146,,uw,"1km ESE of Vancouver, Washington",0.42
pr2020059008,2.19,239,0.085,pr,"9km SSE of Maria Antonia, Puerto Rico",1.12
ak0202pll0kx,1.3,,,ak,"38km WSW of Cantwell, Alaska",
ci39086039,1.71,63,0.163,ci,"40km SW of Ludlow, CA",0.29
pr2020059007,1.83,252,0.1247,pr,"14km SSE of Guanica, Puerto Rico",0.82
ci39086031,1.21,90,0.03041,ci,"16km ESE of Ridgecrest, CA",0.37
nc73347460,1.35,30,0.003056,nc,"5km NW of The Geysers, CA",0.17
nm60305851,1.13,104,0.01923,nm,"2km NNE of Ridgely, Tennessee",0.52
pr2020059006,2.03,258,0.1418,pr,"15km SSE of Guanica, Puerto Rico",0.59
ak0202plelpw,2.5,,,ak,"65km NE of Talkeetna, Alaska",
us600085qq,2.8,48,0.299,us,"4km WNW of Wellington, Kansas",1
pr2020059005,2.63,254,0.1293,pr,"19km SSE of Guanica, Puerto Rico",0.95
pr2020059004,2.5,255,0.1335,pr,"24km SSE of Guanica, Puerto Rico",0.7
av62141046,1.21,118,0.02688,av,"43km ENE of Adak, Alaska",0.57
pr2020059002,2.19,251,0.1455,pr,"16km SSE of Guanica, Puerto Rico",0.96
pr2020059003,3.09,256,0.1357,pr,"21km SSE of Guanica, Puerto Rico",0.62
av70873439,1.49,115,0.02279,av,"42km ENE of Adak, Alaska",0.55
av62141016,1.38,110,0.02637,av,"43km ENE of Adak, Alaska",0.46
pr2020059000,3.3,256,0.1377,pr,"21km SSE of Guanica, Puerto Rico",0.53
uw61578382,0.95,227,,uw,"4km ENE of Amboy, Washington",2.23
ak0202pkyaog,3.4,,,ak,"58km N of Nikiski, Alaska",
ci39085967,1.49,123,0.03917,ci,"3km NNW of Ojai, CA",0.55
nc73347435,1.26,51,0.01005,nc,"7km NW of The Geysers, CA",0.14
ak0202pkufsr,2.1,,,ak,"45km NNE of Redoubt Volcano, Alaska",
nc73347430,1.45,35,0.02694,nc,"11km ENE of Milpitas, CA",0.18
nc73347425,2.21,68,0.0353,nc,"4km WNW of Redway, CA",0.44
pr2020059001,2.63,236,0.0832,pr,"9km SSE of Maria Antonia, Puerto Rico",0.82
ok2020ebzs,1.27,144,0.107978811,ok,"17km NNW of Blackwell, Oklahoma",
ci39085943,1.1,71,0.08335,ci,"19km ESE of Little Lake, CA",0.23
us600085pz,4.6,71,5.542,us,"2km N of Jincheng, China",8.1
nc73347395,1.14,35,0.002269,nc,"7km NW of The Geysers, CA",0.14
nc73347375,1.52,39,0.00207,nc,"7km NW of The Geysers, CA",0.14
nc73347370,1.05,38,0.01829,nc,"7km NW of The Geysers, CA",0.21
nc73347360,1.12,94,0.01877,nc,"7km NW of The Geysers, CA",0.3
ak0202ob406r,1.4,,,ak,"80km S of Kobuk, Alaska",
nc73347345,1.44,37,0.0004526,nc,"7km NW of The Geysers, CA",0.14
ci39085919,1.83,29,0.07046,ci,"6km SE of Big Bear Lake, CA",0.16
nc73347305,0.95,56,0.0116,nc,"8km W of Cobb, CA",0.27
nc73347280,1.97,31,0.008125,nc,"7km W of Cobb, CA",0.14
nc73347270,1.32,41,0.008471,nc,"7km W of Cobb, CA",0.14
nc73347250,1.01,44,0.01099,nc,"8km W of Cobb, CA",0.16
nc73347230,1.03,41,0.007252,nc,"7km W of Cobb, CA",0.19
nc73347225,1.37,31,0.006048,nc,"7km NW of The Geysers, CA",0.15
ak0202ob1m96,1.6,,,ak,"49km S of Redoubt Volcano, Alaska",
nc73347205,1.51,28,0.00952,nc,"7km W of Cobb, CA",0.14
nc73347190,1.13,48,0.009341,nc,"7km W of Cobb, CA",0.29
nc73347185,3.68,27,0.01076,nc,"7km W of Cobb, CA",0.09
pr2020058051,2.32,154,0.0089,pr,"1km E of Maria Antonia, Puerto Rico",1.86
ak0202ob02sq,2.1,,,ak,"70km SSE of Larsen Bay, Alaska",
pr2020058050,2.1,262,0.1557,pr,"16km S of Guanica, Puerto Rico",1.18
ak0202oawvid,2.2,,,ak,"79km SSW of Kobuk, Alaska",
ci39085863,1.9,76,0.1119,ci,"9km ENE of Ridgecrest, CA",0.29
ak0202oai21j,1.1,,,ak,"155km NNE of Cape Yakataga, Alaska",
hv71403632,2.27,158,0.0543,hv,"6km ESE of Pahala, Hawaii",0.58
ci39085847,1.13,87,0.08862,ci,"17km W of Johannesburg, CA",0.27
pr2020058049,2.35,241,0.0963,pr,"11km SE of Guanica, Puerto Rico",1.87
ci39085839,0.95,74,0.0833,ci,"17km W of Johannesburg, CA",0.29
ak0202oaedxy,1.5,,,ak,"48km SSW of Redoubt Volcano, Alaska",
uu60361587,1.86,185,0.2291,uu,"19km SSE of East Carbon City, Utah",1.04
us600085my,5.4,59,27.582,us,Southern East Pacific Rise,12.8
pr2020058048,1.53,160,0.0593,pr,"1km NW of Indios, Puerto Rico",1.1
pr2020058047,2.19,249,0.1405,pr,"15km SSE of Guanica, Puerto Rico",0.57
ak0202o9vjyk,1.5,,,ak,"105km SSE of Kotzebue, Alaska",
ci39085775,1.81,26,0.0818,ci,"4km ENE of Lake Arrowhead, CA",0.23
nc73347110,1.69,56,0.03875,nc,"3km E of Aromas, CA",0.23
pr2020058046,2.68,232,0.0805,pr,"9km S of Indios, Puerto Rico",1
ak0202o9s3fj,1.9,,,ak,"61km W of Cantwell, Alaska",
pr2020058044,2.79,227,0.0703,pr,"15km S of Indios, Puerto Rico",0.93
hv71403542,2.15,147,0.03163,hv,"6km E of Pahala, Hawaii",0.63
pr2020058045,1.93,225,0.0789,pr,"5km SW of Guanica, Puerto Rico",0.74
nc73347095,2.12,147,0.02251,nc,"3km W of Petrolia, CA",0.47
nc73347085,2.09,67,0.06068,nc,"13km NW of Pinnacles, CA",0.12
pr2020058043,2.07,210,0.1282,pr,"4km SW of Tallaboa, Puerto Rico",0.95
uw61578272,1.46,160,,uw,"11km NE of Vernonia, Oregon",0.78
hv71403487,2.46,131,0.02942,hv,"6km ENE of Pahala, Hawaii",0.59
ak0202o9a6aq,1.9,,,ak,"58km WSW of Valdez, Alaska",
pr2020058042,2.47,230,0.0844,pr,"6km SW of Guanica, Puerto Rico",0.93
hv71403467,2.17,132,0.04974,hv,"4km E of Pahala, Hawaii",0.67
nc73347070,1.19,47,0.01275,nc,"2km NNE of The Geysers, CA",0.2
ok2020ebru,1.82,211,0.42561648,ok,"20km SW of Atoka, Oklahoma",
ak0202o95m5v,1.5,,,ak,"54km S of Shishmaref, Alaska",
ci39085735,1.69,100,0.04054,ci,"19km S of Trona, CA",0.29
pr2020058041,2.46,233,0.0905,pr,"7km SSW of Guanica, Puerto Rico",0.77
nn00717975,1.4,77.41,0.069,nn,"5km SW of Cold Springs, Nevada",
ak0202o8tp4a,1.8,,,ak,"136km NW of Talkeetna, Alaska",
ci39085711,1.77,101,0.04323,ci,"20km S of Trona, CA",0.24
pr2020058040,1.73,232,0.0797,pr,"9km S of Indios, Puerto Rico",0.81
ci39085703,2.04,54,0.02627,ci,"4km SSE of Yorba Linda, CA",0.16
pr2020058039,2.37,197,0.0666,pr,"4km SE of Indios, Puerto Rico",1.46
ci39085695,1.48,59,0.03465,ci,"6km ENE of Villa Park, CA",0.36
us600085gn,5,103,1.403,us,"155km NW of Kota Ternate, Indonesia",7.9
pr2020058038,2.48,216,0.0439,pr,"2km SSW of Guanica, Puerto Rico",1.45
us600085g3,5.6,32,3.2,us,"174km SSE of Sarangani, Philippines",8
ak0202o8ifsj,1.4,,,ak,"76km N of Talkeetna, Alaska",
ok2020ebpk,1.69,81,0.035992937,ok,"23km SSE of Helena, Oklahoma",
ak0202o8hvpg,1.8,,,ak,"164km W of Healy, Alaska",
ci39085663,2.52,19,0.05755,ci,"16km SE of Anza, CA",0.12
ci39085647,1.17,77,0.05495,ci,"8km NNW of Borrego Springs, CA",0.23
ci39085623,1.11,29,0.02646,ci,"9km NE of Aguanga, CA",0.19
av62140731,1.81,312,0.06842,av,"13km SW of Semisopochnoi Island, Alaska",2.59
ci39085583,1.21,61,0.04828,ci,"10km NNW of Big Bear City, CA",0.39
nn00717924,1,153.44,0.227,nn,"60km SSW of Goldfield, Nevada",
hv71403287,1.91,121,0.03733,hv,"1km SE of Pahala, Hawaii",0.68
nc73347005,1.15,102,0.03196,nc,"19km NW of Cloverdale, CA",0.26
nn00717950,1.6,145.3,0.151,nn,"48km SSE of Hawthorne, Nevada",
pr2020058037,2.57,182,0.0902,pr,"2km S of Guayanilla, Puerto Rico",0.92
pr2020058036,2.26,229,0.1254,pr,"6km SE of La Parguera, Puerto Rico",0.7
pr2020058035,2.17,243,0.1009,pr,"11km SSE of Maria Antonia, Puerto Rico",0.82
nc73346985,1.21,142,0.01402,nc,"23km ENE of San Lucas, CA",0.47
ci39085479,1.63,130,0.04844,ci,"18km S of Trona, CA",0.35
ak0202o7b7nb,1.3,,,ak,"69km SSW of Kobuk, Alaska",
hv71403202,2.36,102,0.005185,hv,"5km SSE of Pahala, Hawaii",0.56
av62140711,1.65,90,0.01336,av,"41km ENE of Adak, Alaska",0.33
av62140706,1.7,94,0.01895,av,"42km ENE of Adak, Alaska",0.53
ci39085431,1.37,128,0.05405,ci,"9km E of Coso Junction, CA",0.18
av62140701,1.81,308,0.1613,av,"17km W of Little Sitkin Island, Alaska",3.27
pr2020058034,2.75,253,0.1267,pr,"14km SSE of Guanica, Puerto Rico",0.99
pr2020058032,2.4,248,0.1128,pr,"16km SSE of Guanica, Puerto Rico",1.29
ak0202o6tt54,2,,,ak,"75km W of Anchor Point, Alaska",
hv71403167,2.04,159,0.1272,hv,"2km SSE of Pahala, Hawaii",0.69
hv71403162,2.01,125,0.03248,hv,"5km ENE of Pahala, Hawaii",0.52
uw61578202,1.16,86,,uw,"11km NNE of Morton, Washington",0.4
pr2020058031,2.77,226,0.0527,pr,"5km SSE of Guanica, Puerto Rico",1.64
nn00717949,1.2,145.73,0.154,nn,"48km SSE of Hawthorne, Nevada",
pr2020058033,2.29,233,0.0786,pr,"9km SSW of Indios, Puerto Rico",1.71
pr2020058030,2.52,237,0.11,pr,"9km SW of Guanica, Puerto Rico",0.82
us6000859r,5.3,35,5.842,us,Southern Mid-Atlantic Ridge,10.8
ak0202o66o6y,2.1,,,ak,"42km SW of Redoubt Volcano, Alaska",
ci39085375,1.47,71,0.05774,ci,"19km E of Little Lake, CA",0.19
pr2020058028,2.85,248,0.1154,pr,"13km SSE of Guanica, Puerto Rico",0.67
ci39085359,1.3,149,0.1178,ci,"14km NE of Ridgecrest, CA",0.41
us6000859g,4,114,1.746,us,"45km S of Farkhar, Afghanistan",8.2
ak0202o5sa51,1.6,,,ak,"8km E of Soldotna, Alaska",
pr2020058026,3.01,217,0.0512,pr,"7km S of Indios, Puerto Rico",1.38
nc73346950,1.09,63,0.01215,nc,"1km NNW of The Geysers, CA",0.21
pr2020058027,2.61,237,0.0824,pr,"5km SSE of Guanica, Puerto Rico",0.55
ak0202o5q5p3,2,,,ak,"78km ESE of Whittier, Alaska",
nn00717945,1,113.58,0.12,nn,"4km E of East Quincy, California",
us60008594,4.8,41,0.67,us,"68km ESE of Karpathos, Greece",2.9
ak0202o5p26a,1.4,,,ak,"9km SSE of Big Lake, Alaska",
ci39085311,1.2,40,0.04844,ci,"12km NNW of Borrego Springs, CA",0.17
ci39085271,1.01,97,0.09552,ci,"5km NNE of Yucca Valley, CA",0.44
pr2020058024,2.44,231,0.0645,pr,"7km SSE of Guanica, Puerto Rico",1.02
ci39085263,1.58,115,0.1546,ci,"13km SSW of Searles Valley, CA",0.42
ak0202o56asw,2.1,,,ak,"152km NE of Chignik Lake, Alaska",
pr2020058025,2.74,237,0.0947,pr,"11km SE of Guanica, Puerto Rico",1.14
pr2020058023,3.02,230,0.0715,pr,"15km SSE of Guanica, Puerto Rico",1.47
ci39085247,1.72,125,0.04244,ci,"17km W of Searles Valley, CA",0.28
us6000858g,4.6,87,3.9,us,"11km S of Npongge, Indonesia",8
hv71402977,2.91,65,0.02698,hv,"27km E of Honaunau-Napoopoo, Hawaii",0.2
hv71402972,2.2,145,0.01945,hv,"6km ENE of Pahala, Hawaii",0.54
ci39085239,1.41,135,0.1549,ci,"12km ENE of Ridgecrest, CA",0.39
pr2020058053,2.43,237,0.1254,pr,"6km SE of La Parguera, Puerto Rico",1.17
pr2020058052,2.65,221,0.6097,pr,"67km W of Pole Ojea, Puerto Rico",3.1
hv71402952,2.23,138,0.03152,hv,"6km ENE of Pahala, Hawaii",0.75
nn00717963,1.2,144.73,0.148,nn,"48km SSE of Hawthorne, Nevada",
us60008582,4.7,52,4.376,us,South of the Fiji Islands,11.6
ci39085223,1.32,72,0.01629,ci,"8km W of Calipatria, CA",0.38
ci39085207,1.32,102,0.1306,ci,"11km SW of Searles Valley, CA",0.28
pr2020058029,2.48,243,0.1018,pr,"11km SSE of Maria Antonia, Puerto Rico",0.99
ci39085191,1.96,34,0.02336,ci,"18km WSW of Westmorland, CA",0.29
ci39085183,1.47,54,0.09269,ci,"5km N of Yucca Valley, CA",0.3
pr2020058021,3.45,209,0.0522,pr,"3km SSW of Indios, Puerto Rico",0.88
us6000857v,4.5,61,0.658,us,"67km ESE of Karpathos, Greece",4.3
nn00717909,1.4,105.55,0.155,nn,"48km SSE of Hawthorne, Nevada",
ak0202o4bfrg,2.4,,,ak,"29km WNW of Nikiski, Alaska",
ci39085159,2.52,32,0.04594,ci,"4km N of Yucca Valley, CA",0.11
nc73346910,1.44,138,0.02713,nc,"12km ESE of Hidden Valley Lake, CA",0.33
pr2020058022,2.62,233,0.1218,pr,"5km SE of La Parguera, Puerto Rico",0.71
ak0202o3x9zp,1.6,,,ak,"18km ESE of Anchorage, Alaska",
ci39085143,1.03,62,0.09436,ci,"5km N of Yucca Valley, CA",0.28
ak0202o3ui6r,1.4,,,ak,"67km ENE of Sutton-Alpine, Alaska",
ak0202o3t6lz,2.2,,,ak,"85km NE of Tanana, Alaska",
ak0202o3q7b1,1.9,,,ak,"8km ESE of Soldotna, Alaska",
pr2020058019,2.92,225,0.0503,pr,"6km SE of Guanica, Puerto Rico",0.73
ak0202o3ca5t,1.3,,,ak,"4km SSW of Manley Hot Springs, Alaska",
ci39085127,1.42,70,0.1034,ci,"21km N of Searles Valley, CA",0.41
ci39085087,1.18,55,0.04081,ci,"5km N of Yucca Valley, CA",0.25
us6000856p,4.6,96,5.18,us,"111km ESE of Zyrya, Azerbaijan",7.7
hv71402757,2.1,54,0.005564,hv,"5km WSW of Volcano, Hawaii",0.12
ak0202o37ath,3.9,,,ak,"4km SW of Sterling, Alaska",
nc73346890,1.67,83,0.08148,nc,"18km NE of Red Bluff, CA",0.31
pr2020058018,2.59,239,0.1026,pr,"9km SSW of Guanica, Puerto Rico",0.61
ak0202o2v4fm,1.8,,,ak,"69km S of Cantwell, Alaska",
pr2020058017,2.72,129,0.1174,pr,"4km N of Guayanilla, Puerto Rico",0.54
pr2020058016,3.01,172,0.0904,pr,"4km W of Santo Domingo, Puerto Rico",0.72
hv71402712,2.08,131,0.03103,hv,"5km ENE of Pahala, Hawaii",0.59
ci39085055,1.27,54,0.09242,ci,"5km N of Yucca Valley, CA",0.27
nn00717962,1.1,135.33,0.15,nn,"48km SSE of Hawthorne, Nevada",
pr2020058015,2.41,245,0.106,pr,"12km SSE of Guanica, Puerto Rico",0.9
hv71402682,1.8,62,0.01177,hv,"5km WSW of Volcano, Hawaii",0.13
nn00717961,1.1,144.64,0.146,nn,"48km SSE of Hawthorne, Nevada",
hv71402677,1.97,148,0.01247,hv,"8km ENE of Pahala, Hawaii",0.62
pr2020058013,3.04,138,0.1053,pr,"1km ENE of Guayanilla, Puerto Rico",1.03
pr2020058012,1.84,242,0.1168,pr,"8km SE of La Parguera, Puerto Rico",1.2
hv71402672,2.05,96,0.03617,hv,"1km SSE of Pahala, Hawaii",0.65
ci39085047,1.32,57,0.04923,ci,"5km SW of Cabazon, CA",0.2
pr2020058011,7.1,137,0.1097,pr,"0km N of Magas Arriba, Puerto Rico",0.31
nc73346865,7.01,127,0.006102,nc,"13km NW of The Geysers, CA",0.42
ak0202o236kw,1.9,,,ak,"57km NW of Kodiak Station, Alaska",
ci39085023,1.6,101,0.1253,ci,"12km SW of Searles Valley, CA",0.34
nn00717944,1.3,125.64,0.154,nn,"48km SSE of Hawthorne, Nevada",
uw61578142,3.03,33,,uw,"5km SW of Sequim, Washington",0.33
ci39085007,1.35,78,0.02873,ci,"4km SSE of Yorba Linda, CA",0.31
nn00717901,2.2,59.14,0.159,nn,"48km SSE of Hawthorne, Nevada",
ci39084999,1.08,163,0.1082,ci,"17km S of Searles Valley, CA",0.56
mb80383189,1.63,72,0.081,mb,"37km WNW of West Yellowstone, Montana",0.37
nn00717960,1.1,135.75,0.154,nn,"48km SSE of Hawthorne, Nevada",
ak0202o1fmgo,1.4,,,ak,"53km WSW of North Nenana, Alaska",
pr2020058010,2.6,235,0.0749,pr,"7km S of Guanica, Puerto Rico",0.62
nc73346840,1.14,65,0.07373,nc,"5km SSW of Tres Pinos, CA",0.32
pr2020058009,2.89,247,0.1096,pr,"12km SSE of Guanica, Puerto Rico",0.77
nc73346825,1.03,169,0.05308,nc,"6km NNE of Pinnacles, CA",0.64
nn00717943,1.1,134.99,0.142,nn,"47km SSE of Hawthorne, Nevada",
pr2020058008,2.63,242,0.132,pr,"11km S of La Parguera, Puerto Rico",0.53
ak0202o0upqa,2.1,,,ak,"17km SSE of Cohoe, Alaska",
nc73346805,2.55,297,0.5339,nc,"63km W of Petrolia, CA",1.94
ak0202o0u1ww,2.8,,,ak,"18km SSE of Cohoe, Alaska",
pr2020058007,2.41,221,0.1141,pr,"6km ESE of La Parguera, Puerto Rico",0.85
hv71402572,1.96,158,0.06144,hv,"3km ESE of Pahala, Hawaii",0.95
ci39084951,1.04,64,0.07784,ci,"8km E of Yorba Linda, CA",0.45
se60101023,2.61,66,0.1016,se,"9km NW of Morehead, Kentucky",0.61
ci39084935,1.61,28,0.08661,ci,"8km SE of Valle Vista, CA",0.22
ak0202o0h6fd,2,,,ak,"62km SSW of Cantwell, Alaska",
ak0202o0d8r4,2.1,,,ak,"92km NNW of Talkeetna, Alaska",
hv71402562,1.96,154,0.07909,hv,"7km E of Pahala, Hawaii",0.67
ak0202o0ct7t,1.6,,,ak,"31km W of Big Lake, Alaska",
ci39084911,1.45,96,0.1103,ci,"15km SW of Searles Valley, CA",0.27
ak0202o083ii,1.8,,,ak,"70km WNW of Talkeetna, Alaska",
ak0202o05emc,1.5,,,ak,"51km NE of Sutton-Alpine, Alaska",
pr2020058006,3.02,163,0.0926,pr,"0km SW of Guayanilla, Puerto Rico",1.16
nn00717918,1.1,279.48,0.486,nn,"21km ESE of Silver Springs, Nevada",
ci39084879,1.93,63,0.02356,ci,"10km ENE of Coso Junction, CA",0.24
us60008535,5.1,63,4.337,us,Southern Mid-Atlantic Ridge,10.7
pr2020058005,2.6,154,0.1034,pr,"2km SW of Santo Domingo, Puerto Rico",0.69
pr2020058004,2.89,261,0.1872,pr,"20km S of Guanica, Puerto Rico",0.93
nc73346770,1.22,60,0.006769,nc,"9km NW of The Geysers, CA",0.15
ci39084871,0.95,159,0.104,ci,"13km SW of Searles Valley, CA",0.31
us6000852t,4.8,46,1.475,us,"76km WNW of San Antonio de los Cobres, Argentina",9.2
ci39084863,2.1,33,0.07686,ci,"9km E of Yorba Linda, CA",0.18
ak0202nz6gmc,1.6,,,ak,"98km SE of King Salmon, Alaska",
ak0202nz1jzo,2.1,,,ak,"40km S of Redoubt Volcano, Alaska",
ci39084847,1.75,23,0.05913,ci,"7km ESE of Borrego Springs, CA",0.23
pr2020058003,3.07,180,0.0879,pr,"1km NW of Santo Domingo, Puerto Rico",1.55
ak0202nyzi83,1.7,,,ak,"25km SSW of Cohoe, Alaska",
ak0202nyzcq6,1.8,,,ak,"3km NNW of Big Lake, Alaska",
ak0202nyz3ew,1.9,,,ak,"38km NNW of Valdez, Alaska",
nc73346765,1.46,64,0.07812,nc,"5km SSW of Tres Pinos, CA",0.21
hv71402387,2.74,158,0.03544,hv,"13km S of Fern Acres, Hawaii",0.38
us6000852b,4.7,100,1.203,us,"30km E of Lemito, Indonesia",8.2
ak0202nyjvrj,1.6,,,ak,"28km S of Manley Hot Springs, Alaska",
pr2020058002,3.2,245,0.1031,pr,"15km SE of Guanica, Puerto Rico",0.82
hv71402367,1.99,189,0.0459,hv,"0km ENE of Pahala, Hawaii",0.88
ci39084807,1.91,101,0.1244,ci,"11km WSW of Searles Valley, CA",0.27
ak0202nyh3h9,1.4,,,ak,"27km WSW of Nikiski, Alaska",
ak0202nyfv2e,1.8,,,ak,"56km ESE of Butte, Alaska",
us60008522,4.6,85,0.947,us,"15km N of Sincik, Turkey",4.3
ak0202nydr44,1.4,,,ak,"29km ENE of Redoubt Volcano, Alaska",
us60008521,4.2,182,1.144,us,"45km SSW of Puerto San Jose, Guatemala",7.8
nc73346760,0.97,62,0.008258,nc,"6km WNW of The Geysers, CA",0.17
pr2020058001,2.52,204,0.0492,pr,"2km SSW of Indios, Puerto Rico",0.53
us6000851q,4.8,93,0.403,us,"43km N of La Serena, Chile",4.8
ci39084759,1.23,28,0.02079,ci,"3km SE of Lake Henshaw, CA",0.24
nn00717892,1.4,72.61,0.067,nn,"5km SW of Cold Springs, Nevada",
nn00717957,1.4,172.97,0.123,nn,"31km S of Hawthorne, Nevada",
nc73346735,2.37,61,0.04609,nc,"16km SW of Willow Creek, CA",0.28
us6000864q,1,129,0.235,us,"24km SSE of Westcliffe, Colorado",1.5
ak0202nxt55y,2.3,,,ak,"11km E of Y, Alaska",
us60008511,4.6,68,0.598,us,"11km E of Bagontapay, Philippines",6.8
pr2020058000,2.69,206,0.0359,pr,"3km SW of Indios, Puerto Rico",0.9
nc73346730,1.9,256,0.08802,nc,"14km W of Petrolia, CA",0.62
uw61578112,0.96,120,,uw,"17km ESE of Venersborg, Washington",1.18
nc73346725,1.64,99,0.02199,nc,"7km WSW of Clearlake, CA",0.16
hv71402257,2.06,159,0.0293,hv,"7km E of Pahala, Hawaii",0.76
ci39084719,1.1,82,0.0219,ci,"10km NE of Coso Junction, CA",0.23
us6000851k,3.4,242,3.57,us,"66km S of Bodden Town, Cayman Islands",11.3
ci39084703,0.96,47,0.04814,ci,"15km SE of Anza, CA",0.22
hv71402212,1.98,160,0.04095,hv,"6km E of Pahala, Hawaii",0.78
ci39084655,1.04,118,0.06329,ci,"14km SSW of Searles Valley, CA",0.4
ak0202mnmzsz,2.3,,,ak,"126km WNW of Talkeetna, Alaska",
ci39084647,2.07,21,0.04307,ci,"13km WNW of Anza, CA",0.18
mb80383179,1.56,127,0.096,mb,"13km ESE of Lincoln, Montana",0.47
nc73346670,1.46,58,0.007383,nc,"9km NW of The Geysers, CA",0.11
ci39084615,0.97,82,0.08102,ci,"20km ESE of Little Lake, CA",0.23
pr2020057035,2.39,225,0.0709,pr,"7km S of Indios, Puerto Rico",0.72
pr2020057036,2.45,106,0.0045,pr,"1km E of Maria Antonia, Puerto Rico",1.1
pr2020057034,1.45,225,0.1359,pr,"5km SSW of Tallaboa, Puerto Rico",2.17
ci39084599,1.36,53,0.07357,ci,"25km N of Yucca Valley, CA",0.19
pr2020057033,2.31,197,0.1192,pr,"1km NW of Tallaboa, Puerto Rico",1.09
ci39084591,1.61,38,0.07338,ci,"13km NNE of Thousand Palms, CA",0.22
nc73346660,1.14,143,0.04252,nc,"6km S of Portola Valley, CA",0.4
nc73346655,1.12,90,0.02403,nc,"15km E of Angwin, CA",0.31
pr2020057032,2.5,253,0.0931,pr,"10km S of Indios, Puerto Rico",1
ak0202mmvbj5,1.7,,,ak,"72km WSW of Talkeetna, Alaska",
nc73346635,1.79,90,0.03298,nc,"14km E of Angwin, CA",0.26
ok2020eaac,1.97,39,0.06298764,ok,"11km ENE of Ninnekah, Oklahoma",
nn00717879,1.7,88.32,0.147,nn,"47km SSE of Hawthorne, Nevada",
nc73346630,1.58,96,0.02476,nc,"15km E of Angwin, CA",0.21
uw61578077,1.48,62,,uw,"11km ENE of Shelton, Washington",0.35
hv71402022,1.9,100,0.007815,hv,"28km E of Honaunau-Napoopoo, Hawaii",0.48
pr2020057031,2.54,242,0.1102,pr,"5km SSE of La Parguera, Puerto Rico",0.75
nc73346615,1.02,82,0.04263,nc,"3km WSW of Martinez, CA",0.25
ci39084447,1.36,80,0.08176,ci,"22km ESE of Little Lake, CA",0.22
ak0202mlvzq6,1.7,,,ak,"25km NNW of Sutton-Alpine, Alaska",
pr2020057030,2.54,242,0.1286,pr,"11km SSE of Indios, Puerto Rico",1.22
nc73346600,1.38,45,0.03064,nc,"8km NNE of San Juan Bautista, CA",0.37
pr2020057029,2.39,231,0.0791,pr,"9km S of Indios, Puerto Rico",0.59
mb80383164,1.61,103,0.272,mb,"30km SSE of Virginia City, Montana",0.5
hv71401922,1.87,88,0.003585,hv,"4km WSW of Volcano, Hawaii",0.24
us600084u3,4.9,83,0.359,us,"46km SSW of Ovalle, Chile",6
hv71401902,1.99,155,0.0432,hv,"6km E of Pahala, Hawaii",0.66
pr2020057028,2.41,255,0.1337,pr,"15km SSE of Guanica, Puerto Rico",0.55
mb80383154,1.88,112,0.061,mb,"5km E of Butte, Montana",0.48
ci39084383,1.08,59,0.1241,ci,"6km S of Mojave, CA",0.38
uu60361462,1.75,151,0.1395,uu,"24km WSW of Afton, Wyoming",2.13
ci39084359,1.07,113,0.1136,ci,"23km NE of Arvin, CA",0.36
uw61578052,1.1,130,,uw,"4km NNE of Kittitas, Washington",0.96
us600084te,4.6,83,1.954,us,"202km WSW of Longyearbyen, Svalbard and Jan Mayen",7.9
ak0202ml7jlw,2.6,,,ak,"80km NNW of Talkeetna, Alaska",
hv71401882,2,281,0.006899,hv,"3km W of Volcano, Hawaii",0.77
ci39084319,1.22,109,0.05714,ci,"6km WSW of Pala, CA",0.38
ak0202mkzl0c,1.9,,,ak,"113km E of Coldfoot, Alaska",
nc73346505,2.08,55,0.009952,nc,"2km N of The Geysers, CA",0.13
ak0202mkono3,1.5,,,ak,"16km N of North Nenana, Alaska",
pr2020057027,2.9,257,0.159,pr,"27km S of Guanica, Puerto Rico",0.78
ci39084303,1.67,49,0.03251,ci,"22km WNW of Searles Valley, CA",0.25
ci37435301,0.96,93,0.04032,ci,"12km E of Coso Junction, CA",0.16
ak0202mknr1n,1.8,,,ak,"19km WNW of Fishhook, Alaska",
hv71401812,1.5,194,0.08449,hv,"14km ENE of Hawaiian Ocean View, Hawaii",0.45
nc73346460,2.84,120,0.077,nc,"6km WSW of Cold Springs, NV",0.36
nc73346450,1.53,66,0.007078,nc,"7km WNW of Cobb, CA",0.11
nc73346445,1.25,40,0.01442,nc,"8km WNW of Cobb, CA",0.1
nc73346430,1.48,57,0.01359,nc,"8km WNW of Cobb, CA",0.17
uu60361457,1.23,76,0.2549,uu,"8km N of Enoch, Utah",0.8
nc73346415,0.96,127,0.007767,nc,"6km WNW of Cobb, CA",0.27
nc73346400,1.7,47,0.004794,nc,"6km WNW of Cobb, CA",0.12
nc73346425,1.19,44,0.01354,nc,"8km WNW of Cobb, CA",0.1
nc73346390,1.46,50,0.005416,nc,"6km WNW of Cobb, CA",0.14
nc73346395,3.68,46,0.004557,nc,"6km WNW of Cobb, CA",0.1
nc73346370,1.16,66,0.004257,nc,"6km WNW of Cobb, CA",0.22
nc73346365,2.82,23,0.006569,nc,"6km W of Cobb, CA",0.11
av70873074,1.01,97,0.02628,av,"42km ENE of Adak, Alaska",0.67
av70873064,2.08,153,0.02455,av,"42km ENE of Adak, Alaska",0.38
av70873069,1.57,106,0.03005,av,"43km ENE of Adak, Alaska",0.4
hv71401792,2.03,162,0.0192,hv,"8km E of Pahala, Hawaii",0.84
nc73346355,1.52,194,0.0201,nc,"7km WSW of Clearlake, CA",0.34
hv71401787,2.27,157,0.02336,hv,"8km E of Pahala, Hawaii",0.6
ak0202mkflzr,1.4,,,ak,"14km NE of Badger, Alaska",
us600084r6,3.5,75,0.475,us,"75km NNE of Van Horn, Texas",0.8
ok2020dzse,1.63,144,0.024295232,ok,"34km E of Mooreland, Oklahoma",
av62140071,1.78,151,0.04698,av,"21km E of Tanaga Volcano, Alaska",0.45
pr2020057026,2.48,219,0.0779,pr,"5km SSE of Indios, Puerto Rico",1.03
nn00717876,1.3,129.91,0.156,nn,"7km W of Dayton, Nevada",
us600084nf,4.5,157,2.641,us,"111km WNW of Francisco Pizarro, Colombia",10.7
ci39084215,1.21,74,0.08031,ci,"20km ESE of Little Lake, CA",0.27
hv71401712,1.98,172,0.1049,hv,"6km SSE of Pahala, Hawaii",0.83
hv71401697,1.88,48,0.009614,hv,"5km WSW of Volcano, Hawaii",0.22
pr2020057024,2.49,246,0.1051,pr,"11km SSE of Guanica, Puerto Rico",0.64
us600084mv,4.6,189,1.297,us,"89km WSW of San Juan del Sur, Nicaragua",7.4
ak0202mj6syv,1.4,,,ak,"77km E of Cantwell, Alaska",
pr2020057022,2.86,232,0.1028,pr,"3km SSW of Guanica, Puerto Rico",0.75
hv71401612,2.35,152,0.02915,hv,"13km SSE of Fern Acres, Hawaii",0.37
hv71401607,1.44,106,0.04416,hv,"15km SE of Volcano, Hawaii",0.27
ak0202miv2eq,2.3,,,ak,"61km SW of Deltana, Alaska",
nn00717875,1.2,144.07,0.141,nn,"46km S of Hawthorne, Nevada",
us600084m8,4.4,79,1.897,us,"57km E of Ainaro, East Timor",9
ci39084159,0.96,67,0.08797,ci,"16km ENE of Ocotillo, CA",0.29
nc73346330,1.73,65,0.1555,nc,"15km NW of New Idria, CA",0.31
pr2020057021,2.41,223,0.0672,pr,"6km S of Indios, Puerto Rico",0.66
pr2020057025,1.72,232,0.0793,pr,"6km SSW of Guanica, Puerto Rico",0.92
ak0202minifp,1.8,,,ak,"30km SSE of Redoubt Volcano, Alaska",
hv71401562,2.16,133,0.03984,hv,"5km ENE of Pahala, Hawaii",0.62
ci39084111,1.64,71,0.03437,ci,"20km NNE of Ridgecrest, CA",0.26
us600084lt,5,68,2.594,us,"51km NNE of Chamba, India",4.1
av70873004,1.03,123,0.02874,av,"43km ENE of Adak, Alaska",0.46
pr2020057023,2.84,205,0.003,pr,"1km ESE of Maria Antonia, Puerto Rico",1.17
nc73346315,2.22,117,0.3204,nc,"10km WNW of Cantua Creek, CA",0.44
ak0202mi9t9j,1.7,,,ak,"77km ENE of Cantwell, Alaska",
pr2020057019,2.73,230,0.1113,pr,"4km SE of La Parguera, Puerto Rico",0.6
hv71401532,2.21,160,0.04314,hv,"4km ESE of Pahala, Hawaii",0.75
pr2020057018,2.92,227,0.075,pr,"10km S of Guanica, Puerto Rico",0.83
ak0202mi4jp3,1.6,,,ak,"44km S of Redoubt Volcano, Alaska",
us600084lh,4.6,47,0.592,us,"59km ESE of Karpathos, Greece",4.6
mb80383149,1.45,117,0.153,mb,"18km SE of Jackson, Wyoming",0.73
nc73346290,2.54,62,0.2578,nc,"4km ENE of New Idria, CA",0.39
nc73346280,1.18,51,0.02362,nc,"6km SE of Santa Rosa, CA",0.21
ak0202mhni1m,1.9,,,ak,"25km NW of Willow, Alaska",
uu60361432,1.65,138,0.1958,uu,"14km SSE of East Carbon City, Utah",0.91
us600084la,4.9,64,2.025,us,"151km SSE of Taron, Papua New Guinea",6.4
ci39083999,1.2,72,0.09191,ci,"18km W of Johannesburg, CA",0.44
ci39083991,1.44,70,0.1096,ci,"22km N of Searles Valley, CA",0.45
ak0202mhf1dv,1.5,,,ak,"38km WSW of North Nenana, Alaska",
av70872959,1.1,109,0.02271,av,"42km ENE of Adak, Alaska",0.57
ci39083983,1.36,76,0.06504,ci,"24km N of Ridgecrest, CA",0.23
hv71401427,1.9,139,0.01369,hv,"4km S of Pahala, Hawaii",0.67
nc73346255,0.96,76,0.007901,nc,"6km WNW of The Geysers, CA",0.18
uu60361427,2.08,121,0.2639,uu,"14km E of Soda Springs, Idaho",1
nc73346245,2.2,29,0.00153,nc,"5km NW of The Geysers, CA",0.13
nc73346240,2.07,60,0.003853,nc,"4km WNW of Cobb, CA",0.14
ci39083951,1.04,152,0.03575,ci,"16km W of Searles Valley, CA",0.35
ak0202mgwy0j,2.2,,,ak,"84km W of Cantwell, Alaska",
nc73346235,1.12,65,0.005736,nc,"7km WNW of The Geysers, CA",0.19
pr2020057020,2.88,220,0.0784,pr,"5km WSW of Guanica, Puerto Rico",0.88
nc73346225,1.13,45,0.008797,nc,"7km W of Cobb, CA",0.23
ci39083927,1.52,71,0.07092,ci,"12km NNW of Progreso, B.C., MX",0.68
ci39083911,1.78,73,0.01495,ci,"13km NE of Coso Junction, CA",0.2
mb80383109,1.52,120,0.33,mb,"15km S of McCall, Idaho",1.62
ak0202mgabbb,1.8,,,ak,"54km S of Redoubt Volcano, Alaska",
nc73346215,1.08,78,0.01163,nc,"12km NW of Parkfield, CA",0.31
nc73346210,1.1,47,0.02816,nc,"5km S of Loyola, CA",0.26
ci39083895,1.13,77,0.05318,ci,"23km N of Ridgecrest, CA",0.23
us600084ja,4.6,91,4.123,us,"17km N of Ndoi Island, Fiji",7.6
us600084j7,4.4,96,2.077,us,"216km WSW of Longyearbyen, Svalbard and Jan Mayen",7.8
hv71401282,1.66,43,0.06921,hv,"16km N of Pahala, Hawaii",0.23
nn00717874,1.1,140.57,0.133,nn,"29km WSW of Hawthorne, Nevada",
ci39083879,1.39,133,0.0211,ci,"13km NE of Coso Junction, CA",0.25
ci39083871,1.85,102,0.1719,ci,"17km NE of Olancha, CA",0.56
hv71401262,1.75,165,0.1305,hv,"8km E of Pahala, Hawaii",0.85
hv71401252,1.76,161,0.07237,hv,"4km SE of Pahala, Hawaii",0.69
av70872734,1.42,96,0.01762,av,"42km ENE of Adak, Alaska",0.39
av70872729,1.78,106,0.02059,av,"42km ENE of Adak, Alaska",0.45
pr2020057016,3.05,229,0.0992,pr,"7km SW of Guanica, Puerto Rico",0.81
hv71401227,1.9,96,0.1099,hv,"26km W of Pepeekeo, Hawaii",0.4
ci39083855,1.98,37,0.0861,ci,"17km W of Johannesburg, CA",0.24
ak0202mf6tot,2.1,,,ak,"62km NNW of Valdez, Alaska",
hv71401202,1.67,262,0.3715,hv,"46km SSE of Pahala, Hawaii",0.84
nc73346175,2.69,241,0.2117,nc,"28km W of Petrolia, CA",1.27
ak0202mf3sll,2.1,,,ak,"52km NNE of Yakutat, Alaska",
ak0202mf2qg3,1.4,,,ak,"70km SSW of Kobuk, Alaska",
nc73346170,1.18,87,0.03608,nc,"18km WSW of Lakeport, CA",0.28
pr2020057017,2.61,217,0.1382,pr,"4km SW of Tallaboa, Puerto Rico",0.95
ak0202mepez8,1.4,,,ak,"28km SW of Cantwell, Alaska",
pr2020057015,2.81,241,0.0922,pr,"9km S of Guanica, Puerto Rico",0.67
av62139831,1.6,158,0.04973,av,"25km E of Tanaga Volcano, Alaska",0.46
pr2020057014,3.18,234,0.0874,pr,"7km SSW of Guanica, Puerto Rico",0.99
av70872709,1.21,200,0.04111,av,"49km ENE of Adak, Alaska",0.5
ci39083823,1.16,105,0.08332,ci,"18km W of Johannesburg, CA",0.47
av62139826,1.45,153,0.04678,av,"25km E of Tanaga Volcano, Alaska",0.55
nc73346160,0.98,52,0.01011,nc,"4km W of Cobb, CA",0.18
ci39083815,1.2,49,0.05763,ci,"10km NNW of Anza, CA",0.26
pr2020057013,2.75,221,0.0407,pr,"5km SE of Guanica, Puerto Rico",0.75
ci39083807,1.5,28,0.04657,ci,"15km N of Ocotillo, CA",0.2
pr2020057012,3,173,0.0817,pr,"2km SSW of Guayanilla, Puerto Rico",1.02
pr2020057010,2.93,230,0.0625,pr,"6km SSE of Guanica, Puerto Rico",0.73
pr2020057011,3.16,214,0.1374,pr,"3km S of Tallaboa, Puerto Rico",1.01
us600084gu,5.9,35,0.453,us,"48km NNW of Saumlaki, Indonesia",7.3
nc73346150,1,57,0.00982,nc,"8km W of Cobb, CA",0.24
ci39083775,1.03,31,0.02284,ci,"8km NE of Aguanga, CA",0.22
mb80383089,1.5,164,0.739,mb,"43km ESE of Pierce, Idaho",0.52
av70872669,0.95,180,0.03146,av,"48km ENE of Adak, Alaska",0.43
pr2020057009,2.27,249,0.1175,pr,"13km SSE of Guanica, Puerto Rico",0.86
hv71401127,2.3,190,0.0129,hv,"5km S of Pahala, Hawaii",0.55
hv71401117,1.8,143,0.004299,hv,"13km ESE of Volcano, Hawaii",1.07
ak0202mdfbmt,2.4,,,ak,"35km W of Cantwell, Alaska",
uu60361417,1.43,176,0.2805,uu,"28km SE of Baker, Nevada",0.99
ci39083759,0.98,82,0.102,ci,"5km N of Nuevo, CA",0.37
uu60361412,1.6,176,0.2842,uu,"28km SE of Baker, Nevada",1.02
us600084g0,4.8,161,2.797,us,East of the North Island of New Zealand,9.8
ci39083743,0.95,99,0.07791,ci,"21km ESE of Little Lake, CA",0.29
ak0202md7emf,1.3,,,ak,"69km WSW of Willow, Alaska",
nc73346130,1.19,141,0.1981,nc,"2km SSW of Round Valley, CA",0.27
ci39083727,1.01,65,0.07457,ci,"20km SSW of Ocotillo Wells, CA",0.35
us600084fu,4.8,87,0.381,us,"21km SSE of Hualian, Taiwan",2.7
ci39083719,1.13,152,0.03639,ci,"17km W of Searles Valley, CA",0.28
nn00717870,1.4,252.5,0.187,nn,"50km ENE of Warm Springs, Nevada",
nn00717841,1.9,111.65,0.282,nn,"24km NE of Fort Irwin, California",
ci39083711,1.24,50,0.1492,ci,"10km ENE of Julian, CA",0.36
mb80383069,0.95,111,0.102,mb,"14km ESE of Lincoln, Montana",0.47
ok2020dyrz,2.05,70,0.057588699,ok,"20km W of Waukomis, Oklahoma",
hv71400987,1.86,144,0.02935,hv,"6km ENE of Pahala, Hawaii",0.76
pr2020057008,2.71,214,0.0232,pr,"2km S of Maria Antonia, Puerto Rico",1.04
ci39083671,1.15,44,0.04179,ci,"16km N of Ocotillo, CA",0.2
nc73346105,2.36,83,0.09477,nc,"19km S of Big Pine, CA",0.81
av70872629,0.98,102,0.01667,av,"42km ENE of Adak, Alaska",0.36
ci39083655,2,53,0.04915,ci,"9km ENE of Coso Junction, CA",0.19
us600084ex,4.4,87,0.577,us,"80km SSE of Putre, Chile",5.1
ok2020dype,2.01,52,0.140372454,ok,"6km ESE of Union City, Oklahoma",
pr2020057007,3.06,227,0.0553,pr,"6km SSE of Maria Antonia, Puerto Rico",0.88
ak0202mbk352,1.6,,,ak,"17km N of Meadow Lakes, Alaska",
pr2020057006,2.57,222,0.0661,pr,"6km S of Indios, Puerto Rico",1.09
ci39083639,7.7,23,0.06171,ci,"24km ESE of Little Lake, CA",0.13
hv71400922,2.3,164,0.08465,hv,"9km E of Pahala, Hawaii",0.63
uu60361407,1.52,69,0.1178,uu,"29km ESE of Salina, Utah",0.64
ak0202mb41eh,1.7,,,ak,"105km NW of Talkeetna, Alaska",
ci39083631,1.05,74,0.08365,ci,"17km W of Johannesburg, CA",0.34
ak0202mb34de,2.3,,,ak,"106km NW of Talkeetna, Alaska",
pr2020057005,2.73,202,0.0925,pr,"6km SSE of Ponce, Puerto Rico",0.75
pr2020057004,3.5,288,0.6744,pr,"55km N of Isabela, Puerto Rico",1.29
nc73346050,1.14,50,0.01079,nc,"6km NW of The Geysers, CA",0.21
ci39083623,1.05,72,0.06421,ci,"13km W of Searles Valley, CA",0.26
ci39083615,1.31,171,0.08751,ci,"12km SSW of Searles Valley, CA",0.48
ci39083607,0.99,59,0.06908,ci,"23km N of Ridgecrest, CA",0.35
pr2020057003,2.69,215,0.0678,pr,"4km S of Indios, Puerto Rico",0.83
ak0202mair3j,2.8,,,ak,"65km NNE of Redoubt Volcano, Alaska",
mb80383064,2.64,42,0.017,mb,"37km WNW of West Yellowstone, Montana",0.32
pr2020057001,2.26,214,0.0411,pr,"4km SSW of Indios, Puerto Rico",0.94
pr2020057002,2.52,214,0.0295,pr,"4km SE of Maria Antonia, Puerto Rico",0.87
ak0202maei80,2.1,,,ak,"55km SSW of Cantwell, Alaska",
us600084d8,4.5,66,1.756,us,"114km SSW of Uyuni, Bolivia",8.2
ci39083583,1.22,45,0.0804,ci,"17km W of Johannesburg, CA",0.22
nc73346030,1.85,90,0.06388,nc,"2km E of Round Valley, CA",0.51
ci39083567,1.03,92,0.09675,ci,"16km W of Johannesburg, CA",0.35
av62139476,1.58,174,0.03041,av,"48km ENE of Adak, Alaska",0.6
us600084cv,5,94,7.124,us,"59km W of Ilioilio, Philippines",8.6
us600084d3,4.3,120,0.43,us,"19km S of Makurazaki, Japan",9.4
ci39083527,1.85,184,0.2146,ci,"13km N of Delta, B.C., MX",0.77
hv71400672,1.99,135,0.0271,hv,"6km ENE of Pahala, Hawaii",0.6
ci39083503,1.96,205,0.2212,ci,"12km N of Delta, B.C., MX",0.87
pr2020057000,3.36,250,1.4648,pr,"108km NE of Road Town, British Virgin Islands",4.7
ak0202l04w7n,1.9,,,ak,"9km ESE of Talkeetna, Alaska",
av62139361,1.71,152,0.04806,av,"26km E of Tanaga Volcano, Alaska",0.6
ci39083471,0.95,72,0.05192,ci,"23km N of Ridgecrest, CA",0.31
pr2020056034,3.24,280,0.6316,pr,"66km N of Isabela, Puerto Rico",2.48
ak0202kzvxxn,2,,,ak,"55km NNW of Valdez, Alaska",
pr2020056033,3.37,275,0.5759,pr,"54km N of Isabela, Puerto Rico",1.98
ak0202kzv3jc,2.4,,,ak,"41km NNE of Yakutat, Alaska",
ak0202kzuroq,2,,,ak,"59km N of Valdez, Alaska",
us600084bs,5,59,0.854,us,"11km S of Kale, Turkey",4.3
ak0202kzt24i,1.7,,,ak,"52km NNW of Valdez, Alaska",
ak0202kzj1yd,3.3,,,ak,"55km NNW of Valdez, Alaska",
hv71400562,2.18,121,0.03893,hv,"3km ESE of Pahala, Hawaii",0.59
ci39083463,1.3,109,0.09943,ci,"18km W of Johannesburg, CA",0.43
ci39083455,1.82,38,0.08195,ci,"17km W of Johannesburg, CA",0.28
ci39083447,1.47,26,0.02518,ci,"4km SE of Lake Henshaw, CA",0.22
ci39083439,3.32,37,0.08932,ci,"17km W of Johannesburg, CA",0.17
ci39083423,1.35,92,0.05561,ci,"22km SSW of Ocotillo Wells, CA",0.29
us600084av,4.3,88,0.921,us,"20km S of Saray, Turkey",4.4
uw61577767,1.78,224,,uw,"21km SE of Republic, Washington",2.53
ci39083407,1.15,106,0.0868,ci,"17km W of Johannesburg, CA",0.48
ci39083399,1.84,55,0.01251,ci,"10km NE of Coso Junction, CA",0.24
pr2020056032,2.37,223,0.155,pr,"9km S of Tallaboa, Puerto Rico",1.07
uw61577742,2.3,183,,uw,"8km S of Princeton, Canada",1.08
ak0202kz7x53,1.9,,,ak,"13km W of Anchorage, Alaska",
ok2020dyee,2.07,48,0.13137422,ok,"6km E of Union City, Oklahoma",
nc73345960,1.21,160,0.03927,nc,"23km NNE of San Ardo, CA",0.45
pr2020056031,3.03,238,0.1676,pr,"18km SSE of Guanica, Puerto Rico",0.75
us6000849j,4.3,57,2.095,us,"21km NE of Roshtqal'a, Tajikistan",6.9
hv71400482,2.01,152,0.03416,hv,"6km E of Pahala, Hawaii",0.82
pr2020056030,2.34,258,0.1439,pr,"16km SSE of Guanica, Puerto Rico",0.96
ak0202kyq57p,2.2,,,ak,"63km ESE of Whittier, Alaska",
us6000848g,5.2,87,1.217,us,"108km WNW of Kirakira, Solomon Islands",8.8
ak0202kyn9hs,1.7,,,ak,"72km WSW of Cantwell, Alaska",
av62139091,2.08,149,0.03921,av,"22km E of Tanaga Volcano, Alaska",0.34
uu60361372,2.25,205,0.2291,uu,"19km SSE of East Carbon City, Utah",1.1
ak0202kymajc,1.6,,,ak,"12km S of Talkeetna, Alaska",
ak0202kycv13,1.9,,,ak,"79km S of Kobuk, Alaska",
us6000847i,4.6,111,1.843,us,"20km S of Sarangani, Philippines",3.2
nn00717810,1.7,74.75,0.284,nn,"48km NNE of Fort Irwin, California",
pr2020056029,2.23,246,0.1123,pr,"13km SE of Guanica, Puerto Rico",0.96
hv71400377,2.42,91,0.0417,hv,"1km SE of Pahala, Hawaii",0.52
pr2020056028,3.2,242,0.1018,pr,"11km S of Indios, Puerto Rico",0.8
ok2020dyan,1.69,52,0.13407369,ok,"6km ESE of Union City, Oklahoma",
nc73345900,1.05,82,0.01348,nc,"6km WNW of The Geysers, CA",0.17
ci39083303,0.99,71,0.04782,ci,"6km NNE of Thousand Palms, CA",0.28
pr2020056027,2.43,216,0.0652,pr,"4km S of Indios, Puerto Rico",0.81
hv71400337,1.88,130,0.03221,hv,"5km ENE of Pahala, Hawaii",0.79
ci39083279,1.64,57,0.0551,ci,"4km SSE of Home Gardens, CA",0.34
pr2020056025,2.38,218,0.0575,pr,"8km SSE of Indios, Puerto Rico",1.03
ok2020dxyq,1.55,71,0.129574573,ok,"5km ESE of Union City, Oklahoma",
ci39083255,1.57,55,0.1339,ci,"21km ESE of Bodfish, CA",0.14
nc71111999,1.85,147,0.09927,nc,"9km NE of Cayucos, CA",0.26
ci39083239,2.13,64,0.04754,ci,"17km NW of Ocotillo, CA",0.2
ci39083231,1.36,147,0.09857,ci,"12km SW of Searles Valley, CA",0.33
nc73345860,1.91,44,0.01107,nc,"6km E of Mammoth Lakes, CA",0.18
pr2020056026,2.35,222,0.0524,pr,"6km SE of Maria Antonia, Puerto Rico",0.99
ci39083207,1.22,85,0.1574,ci,"10km SSW of Olancha, CA",0.39
nc73345845,1.36,101,0.02585,nc,"7km WSW of Clearlake, CA",0.18
ak0202kwxc8l,1.8,,,ak,"9km WNW of Knik-Fairview, Alaska",
av62139071,1.27,232,0.02414,av,"23km W of Chignik Lake, Alaska",0.84
nc73345840,2.1,86,0.1191,nc,"11km NNE of Talmage, CA",0.16
hv71400232,1.91,141,0.04874,hv,"1km ENE of Pahala, Hawaii",0.91
ci39083183,1.49,150,0.04216,ci,"16km SSW of Searles Valley, CA",0.54
ak0202kwhq3m,1.1,,,ak,"72km NNE of Redoubt Volcano, Alaska",
ci39083159,0.98,50,0.01577,ci,"9km NE of Aguanga, CA",0.28
ci39083143,1.86,53,0.05014,ci,"9km ENE of Coso Junction, CA",0.23
ok2020dxvi,1.73,50,0.138572807,ok,"6km ESE of Union City, Oklahoma",
pr2020056024,2.27,215,0.1401,pr,"3km SW of Tallaboa, Puerto Rico",1.29
uu60020109,1.78,202,0.06398,uu,"20km NNE of Old Faithful Geyser, Wyoming",0.97
ci39083127,3.08,138,0.3287,ci,"23km SE of Santa Cruz Is. (E end), CA",0.5
ci39083119,3.24,73,0.09247,ci,"11km SSW of Searles Valley, CA",0.14
hv71400162,2.11,77,0.01335,hv,"9km SE of Volcano, Hawaii",0.28
pr2020056022,1.95,217,0.082,pr,"4km SSE of Indios, Puerto Rico",1.16
us70007whj,4.5,218,8.959,us,West Chile Rise,12.4
pr2020056021,2.15,214,0.052,pr,"2km SW of Guanica, Puerto Rico",0.85
ci39083095,1.06,46,0.08458,ci,"17km W of Johannesburg, CA",0.26
pr2020056023,2.41,254,0.1271,pr,"14km SSE of Guanica, Puerto Rico",1.83
pr2020056019,2.93,260,0.1478,pr,"26km S of Guanica, Puerto Rico",0.93
hv71400112,2.13,72,0.04441,hv,"9km WNW of Volcano, Hawaii",0.28
uw61577567,1.55,97,,uw,"1km E of Shoreline, Washington",0.4
hv71400082,2.34,179,0.2303,hv,"16km NE of Kapaau, Hawaii",0.78
hv71400077,1.71,154,0.06798,hv,"19km NW of Pahala, Hawaii",1.32
pr2020056018,3.2,255,0.1652,pr,"14km SSE of Guanica, Puerto Rico",0.87
pr2020056017,2.15,216,0.1576,pr,"11km SSW of Tallaboa, Puerto Rico",1.44
hv71400017,1.84,64,0.0418,hv,"21km E of Honaunau-Napoopoo, Hawaii",0.3
nc73345800,1.15,70,0.009995,nc,"6km WNW of The Geysers, CA",0.14
ci39083063,1.17,99,0.02465,ci,"3km NW of Maywood, CA",0.31
hv71399982,1.85,167,0.08305,hv,"9km E of Pahala, Hawaii",0.61
pr2020056015,2.47,254,0.1278,pr,"14km SSE of Guanica, Puerto Rico",1.05
ci39083055,1.28,73,0.05963,ci,"19km S of Trona, CA",0.22
ok2020dxpg,1.88,80,0.018896292,ok,"33km NW of Fairview, Oklahoma",
ak0202kuki7w,1.8,,,ak,"10km NW of Sterling, Alaska",
us70007wg2,4.5,73,1.001,us,"23km SSE of Saray, Turkey",5.7
ci39083039,1.19,66,0.01882,ci,"15km N of Ocotillo, CA",0.48
pr2020056016,2.1,220,0.0837,pr,"5km SSE of Indios, Puerto Rico",1.13
us70007wfn,4.4,84,5.592,us,"22km SW of Palimbang, Philippines",10.1
hv71399857,1.85,121,0.04881,hv,"15km NE of Pahala, Hawaii",0.48
nc73345780,2.39,105,0.3255,nc,"10km N of Lee Vining, CA",0.32
pr2020056014,2.68,233,0.0763,pr,"6km S of Guanica, Puerto Rico",0.74
ci39082983,1.14,150,0.1488,ci,"13km SW of Searles Valley, CA",0.47
ci39082975,0.95,86,0.04715,ci,"19km E of Little Lake, CA",0.68
ok2020dxko,1.78,44,0.140372454,ok,"6km ESE of Union City, Oklahoma",
ci39082967,1.03,100,0.08244,ci,"21km ESE of Little Lake, CA",0.24
hv71399792,1.88,153,0.06224,hv,"3km ESE of Pahala, Hawaii",0.69
pr2020056012,2.59,255,0.1361,pr,"16km SSE of Guanica, Puerto Rico",0.6
us70007web,4.4,122,1.967,us,"62km W of Qeshm, Iran",7.8
hv71399757,1.82,143,0.02729,hv,"6km ENE of Pahala, Hawaii",0.65
nc73345775,1.14,80,0.01671,nc,"3km SSW of Cobb, CA",0.3
nc73345765,1.35,34,0.006252,nc,"5km W of Cobb, CA",0.12
ak0202ksrjnb,1.9,,,ak,"54km ENE of Sutton-Alpine, Alaska",
ok2020dxjb,1.03,80,0.16826698,ok,"19km NE of Enid, Oklahoma",
ci39082927,1.4,145,0.09966,ci,"14km SW of Searles Valley, CA",0.33
nc73345760,1.12,37,0.0098,nc,"6km NNW of The Geysers, CA",0.19
us70007we1,5.1,35,0.278,us,"50km NNW of Hualian, Taiwan",5.6
pr2020056013,2.66,251,0.1541,pr,"17km SSE of Guanica, Puerto Rico",0.92
pr2020056011,2.79,220,0.075,pr,"5km S of Indios, Puerto Rico",1.17
ci39082911,1.41,124,0.03743,ci,"11km WNW of Progreso, B.C., MX",0.38
pr2020056010,3.37,319,0.896,pr,"82km NW of San Antonio, Puerto Rico",20.51
ak0202ks6ab9,2.1,,,ak,"106km WSW of Talkeetna, Alaska",
nc73345750,1.28,45,0.03208,nc,"18km E of Alum Rock, CA",0.2
hv71399647,1.9,146,0.04674,hv,"4km ENE of Pahala, Hawaii",0.66
ci39082903,1.12,154,0.1221,ci,"10km WSW of Searles Valley, CA",0.41
hv71399627,1.96,153,0.01779,hv,"8km E of Pahala, Hawaii",0.58
hv71399602,2.14,164,0.02969,hv,"8km E of Pahala, Hawaii",0.54
nc73345735,1.55,101,0.05848,nc,"15km N of Cayucos, CA",0.3
uu60361342,2.16,100,0.2098,uu,"10km ENE of Washington, Utah",0.35
hv71399587,1.72,86,0.009462,hv,"5km WSW of Volcano, Hawaii",0.25
ak0202krnbf8,1.7,,,ak,"20km SSW of Redoubt Volcano, Alaska",
av62138986,1.35,181,0.03396,av,"48km ENE of Adak, Alaska",0.73
pr2020056009,3.08,269,0.1838,pr,"20km S of Guanica, Puerto Rico",0.67
ok2020dxfd,1.49,94,0.124175633,ok,"27km WNW of Medford, Oklahoma",
pr2020056008,2.52,247,0.1073,pr,"12km SSE of Guanica, Puerto Rico",1.08
ok2020dxet,1.35,44,0.16016857,ok,"8km S of Medford, Oklahoma",
nc73345725,1.13,110,0.006781,nc,"5km WNW of The Geysers, CA",0.28
uu60361337,1.86,151,0.07991,uu,"12km NW of Huntington, Utah",0.67
ak0202kr78rh,1.7,,,ak,"41km WSW of Cantwell, Alaska",
ci39082871,1.14,88,0.102,ci,"15km NE of Ridgecrest, CA",0.26
hv71399527,1.79,251,0.1673,hv,"17km WNW of Kalaoa, Hawaii",1.03
ak0202kqv6me,2.1,,,ak,"54km ENE of Sutton-Alpine, Alaska",
ak0202kqlj06,1.8,,,ak,"32km W of Valdez, Alaska",
ci39082847,1.7,79,0.1115,ci,"15km SW of Searles Valley, CA",0.32
ak0202kqk0js,2.6,,,ak,"56km WSW of Anaktuvuk Pass, Alaska",
nn00717795,1.3,159.18,0.253,nn,"11km WNW of Yerington, Nevada",
ak0202kqirur,1.5,,,ak,"81km WSW of Cantwell, Alaska",
uu60361332,1.13,88,0.1028,uu,"23km W of Perry, Utah",0.73
hv71399477,2.53,262,0.3755,hv,"52km SE of Pahala, Hawaii",1.02
hv71399462,1.77,203,0.1209,hv,"8km E of Pahala, Hawaii",0.73
ak0202kqfzrh,1.4,,,ak,"42km SW of North Nenana, Alaska",
uw61577507,1.5,57,,uw,"8km N of Bethany, Oregon",0.2
ok2020dxax,1.63,121,0.152070159,ok,"13km SW of Cherokee, Oklahoma",
mb80383029,1.15,86,0.306,mb,"3km WNW of Manhattan, Montana",0.44
nn00717777,1.5,83.48,0.37,nn,"45km NNW of Baker, California",
nn00717794,1.3,82.23,0.363,nn,"28km WSW of Hawthorne, Nevada",
hv71399402,1.84,148,0.08661,hv,"8km E of Pahala, Hawaii",0.63
us70007wbp,4.8,153,4.585,us,"110km E of Miyako, Japan",10.1
ak0202kpwagw,1.6,,,ak,"16km WNW of Nikiski, Alaska",
hv71399387,2.06,143,0.02593,hv,"6km ENE of Pahala, Hawaii",0.7
hv71399382,2.09,85,0.03121,hv,"5km SSE of Ainaloa, Hawaii",0.61
ak0202kpu3kg,1.2,,,ak,"54km NNE of Manley Hot Springs, Alaska",
us600084bt,4,187,2.113,us,"12km E of Tangail, Bangladesh",6.3
ci39082823,1.43,81,0.06525,ci,"16km W of Searles Valley, CA",0.34
av62138981,1.22,132,0.0268,av,"5km SW of Semisopochnoi Island, Alaska",1.15
av62138976,1.55,198,0.003536,av,"6km SSW of Semisopochnoi Island, Alaska",0.62
uw61577497,1.67,118,,uw,"21km SE of Gold Bar, Washington",0.84
nc73345685,1.56,44,,nc,"8km NE of Gilroy, CA",0.21
ak0202kpe2ly,2.5,,,ak,"156km SE of McGrath, Alaska",
us70007wax,2.9,90,0.328,us,"2km WNW of Manhattan, Montana",1.7
pr2020056007,2.24,253,0.131,pr,"15km SSE of Guanica, Puerto Rico",0.9
ci39082807,1,82,0.1446,ci,"9km E of Julian, CA",0.53
pr2020056006,3.57,224,0.0953,pr,"23km SSE of Guanica, Puerto Rico",1.35
ci39082799,1.59,60,0.1639,ci,"21km NE of Boron, CA",0.29
ci39082791,1.04,141,0.039,ci,"18km W of Searles Valley, CA",0.66
ak0202kosls9,1.8,,,ak,"43km NE of Talkeetna, Alaska",
hv71399247,2.35,156,0.0255,hv,"9km E of Pahala, Hawaii",0.48
ok2020dwvk,0.97,74,0.009898058,ok,"21km SSE of McCord, Oklahoma",
us70007w9l,5.2,151,4.959,us,"79km W of Santiago de Cao, Peru",10.6
pr2020056005,3.12,245,0.1114,pr,"12km S of Indios, Puerto Rico",0.66
nc73345650,2.2,128,0.07125,nc,"13km E of Rockport, CA",0.27
ak0202ko7zpa,1.8,,,ak,"77km NNW of Talkeetna, Alaska",
nc73345625,1.15,61,0.004304,nc,"7km WNW of The Geysers, CA",0.23
ak0202ko2ety,1.3,,,ak,"71km W of Willow, Alaska",
ak0202ko1kw2,1.7,,,ak,"28km NNW of Fritz Creek, Alaska",
ak0202knn0nd,1.7,,,ak,"47km N of Valdez, Alaska",
ak0202knmfc5,2.5,,,ak,"39km ENE of Healy, Alaska",
ak0202knkhbr,2.8,,,ak,"177km SSE of Atka, Alaska",
ok2020dwsd,2.04,221,0.221356562,ok,"20km W of Perry, Oklahoma",
us70007w8k,4.8,124,0.772,us,"33km ESE of Rota, Northern Mariana Islands",15.4
us70007w8g,5.2,85,2.937,us,"240km SE of Lambasa, Fiji",10.2
hv71399077,2.01,158,0.02243,hv,"8km E of Pahala, Hawaii",0.62
uu60361302,1.83,86,0.01265,uu,"24km WSW of Tremonton, Utah",0.45
pr2020056004,2.98,238,0.1153,pr,"10km SSE of Indios, Puerto Rico",1.04
ak0202kmpiqo,2.1,,,ak,"45km WSW of Anchor Point, Alaska",
nn00717768,7.7,144.88,0.344,nn,"46km SSE of Warm Springs, Nevada",
pr2020056003,2.29,215,0.0798,pr,"5km WSW of Guanica, Puerto Rico",0.92
ci39082703,1.56,97,0.06223,ci,"14km SSW of Searles Valley, CA",0.29
us70007w7n,4.6,77,0.329,us,"78km SW of Calama, Chile",6
pr2020056002,3.28,231,0.0661,pr,"7km SSE of Guanica, Puerto Rico",0.66
mb80383004,1.61,87,0.542,mb,"17km N of Mullan, Idaho",0.68
us70007w78,1.6,152,0.418,us,"29km NW of Towaoc, Colorado",1.7
pr2020056001,2.9,246,0.1105,pr,"12km SSE of Maria Antonia, Puerto Rico",0.88
pr2020056000,3,207,0.054,pr,"2km SSW of Indios, Puerto Rico",1.28
ak0202km76d0,1.5,,,ak,"17km NNE of Badger, Alaska",
us70007w6u,4.7,136,0.952,us,"74km SSW of Nueva Concepcion, Guatemala",7
hv71398942,1.86,210,0.09269,hv,"5km SSE of Pahala, Hawaii",0.68
hv71398937,2.01,152,0.01236,hv,"5km SSE of Pahala, Hawaii",0.6
ak0202km4azz,1.4,,,ak,"16km N of Nikiski, Alaska",
pr2020055040,2.32,264,0.1654,pr,"18km SSE of Guanica, Puerto Rico",0.93
us70007w6f,4.2,95,1.644,us,"26km ESE of Saray, Turkey",3.2
us60008686,4.3,189,2.087,us,"143km E of Pondaguitan, Philippines",8.6
mb80382994,1.42,126,0.105,mb,"13km ESE of Lincoln, Montana",0.52
us70007w65,4.1,46,1.301,us,"143km NNE of San Pedro de Atacama, Chile",6.4
pr2020055039,2.5,239,0.087,pr,"10km SSE of Guanica, Puerto Rico",0.94
hv71398857,2.37,149,0.01824,hv,"8km E of Pahala, Hawaii",0.64
ci39082583,1.33,32,0.09975,ci,"9km NE of Aguanga, CA",0.18
pr2020055038,3.18,250,0.1181,pr,"17km SSE of Guanica, Puerto Rico",0.76
hv71398852,2.29,105,0.02985,hv,"2km SSE of Pahala, Hawaii",0.64
ok2020dwkg,1.67,61,0,ok,"18km W of Perry, Oklahoma",
pr2020055037,2.25,235,0.1236,pr,"7km SE of La Parguera, Puerto Rico",1.21
ak0202jbvm91,2.3,,,ak,"72km SSW of Kobuk, Alaska",
hv71398822,1.85,134,0.03146,hv,"6km ENE of Pahala, Hawaii",0.67
hv71398817,1.77,135,0.03142,hv,"5km ENE of Pahala, Hawaii",0.72
ci39082575,1.27,129,0.03878,ci,"16km W of Searles Valley, CA",0.46
nn00717743,1.6,122.55,0.021,nn,"37km SSE of Sandy Valley, Nevada",
pr2020055036,2.8,230,0.138,pr,"11km SSW of Ponce, Puerto Rico",1.42
ok2020dwiy,1.44,124,0.050390112,ok,"22km ENE of Mooreland, Oklahoma",
ci39082527,1.17,80,0.04309,ci,"21km E of Little Lake, CA",0.27
us70007w3y,4.4,71,2.268,us,"253km WNW of Saumlaki, Indonesia",6.1
ak0202jb9ozd,1.7,,,ak,"67km ESE of Whittier, Alaska",
pr2020055034,3.57,239,0.1058,pr,"22km SSE of Guanica, Puerto Rico",0.97
pr2020055035,3.13,232,0.0947,pr,"3km SSE of La Parguera, Puerto Rico",0.96
ci39082495,1.18,62,0.07834,ci,"15km ESE of Little Lake, CA",0.3
uu60361257,1.68,70,0.0497,uu,"8km NNW of West Yellowstone, Montana",0.57
ci39082479,1.07,74,0.07674,ci,"20km ESE of Little Lake, CA",0.2
us70007w28,5.2,52,2.581,us,"83km ESE of Muara Siberut, Indonesia",7.7
ci39082463,1.71,108,0.08063,ci,"14km SSW of Searles Valley, CA",0.28
pr2020055033,2.9,248,0.1184,pr,"17km SSE of Guanica, Puerto Rico",1.05
ci39082447,1.3,43,0.06466,ci,"12km SE of Tehachapi, CA",0.27
uw61577402,1.57,113,,uw,"10km SE of Graham, Washington",0.6
ak0202jaojpd,2.3,,,ak,"98km SSE of Point Hope, Alaska",
pr2020055031,2.06,215,0.0811,pr,"4km SSE of Indios, Puerto Rico",1.09
nm60304931,1.28,72,0.01968,nm,"0km NW of Ridgely, Tennessee",0.37
mb80382899,1.7,114,0.06,mb,"5km ENE of Butte, Montana",0.46
hv71398602,1.86,74,0.03846,hv,"12km S of Volcano, Hawaii",0.3
nc73345505,2.09,57,0.02924,nc,"4km NW of Redwood Valley, CA",0.13
ak0202ja7tn1,1.5,,,ak,"150km WNW of Haines Junction, Canada",
pr2020055032,2.25,228,0.1307,pr,"10km SSW of Ponce, Puerto Rico",0.94
pr2020055030,2.47,190,0.1206,pr,"2km SSE of Magas Arriba, Puerto Rico",0.44
ak0202ja4lre,1.5,,,ak,"19km SW of Willow, Alaska",
nc73345500,1.54,277,0.08628,nc,"2km SSW of Bishop, CA",1.71
ak0202ja3zyb,1.8,,,ak,"142km E of Chitina, Alaska",
ak0202ja3ixh,1.7,,,ak,"108km NW of Talkeetna, Alaska",
nc73345485,1.86,56,0.005798,nc,"7km NW of The Geysers, CA",0.15
nc73345480,1.4,109,0.01584,nc,"3km S of Loyola, CA",1.01
pr2020055028,2.53,254,0.1335,pr,"15km SSE of Guanica, Puerto Rico",0.88
pr2020055029,2.18,249,0.115,pr,"13km SSE of Guanica, Puerto Rico",1.78
uu60361232,1.44,118,0.08439,uu,"31km NNE of Beaver, Utah",0.67
ci37435405,1.66,146,0.04666,ci,"21km E of Little Lake, CA",0.26
ci39082327,2.52,33,0.04096,ci,"21km E of Little Lake, CA",0.12
uu60361212,1.65,52,0.03235,uu,"15km E of West Yellowstone, Montana",0.48
pr2020055027,2.9,241,0.0949,pr,"11km SE of Guanica, Puerto Rico",1.03
ci39082303,0.95,107,0.04887,ci,"21km E of Little Lake, CA",0.23
ci39082287,2.12,52,0.04169,ci,"21km E of Little Lake, CA",0.17
ci39082271,1.4,133,0.116,ci,"15km S of Searles Valley, CA",0.68
ak0202j9b7v2,1.6,,,ak,"12km WNW of Y, Alaska",
nc73345455,1.13,167,0.02344,nc,"8km NE of Pinnacles, CA",1.29
mb80382874,1.41,141,0.304,mb,"2km WNW of Manhattan, Montana",0.43
pr2020055026,8.8,200,0.0655,pr,"3km W of Guanica, Puerto Rico",0.82
